code;label-en_US;label-fr_FR;attribute;sort_order
AF;Afghanistan;;COUNTRY_OF_ORIGIN;0
AX;Aland Islands;;COUNTRY_OF_ORIGIN;1
AL;Albania;;COUNTRY_OF_ORIGIN;2
DZ;Algeria;;COUNTRY_OF_ORIGIN;3
AS;American Samoa;;COUNTRY_OF_ORIGIN;4
AD;Andorra;;COUNTRY_OF_ORIGIN;5
AO;Angola;;COUNTRY_OF_ORIGIN;6
AI;Anguilla;;COUNTRY_OF_ORIGIN;7
AQ;Antarctica;;COUNTRY_OF_ORIGIN;8
AG;Antigua and Barbuda;;COUNTRY_OF_ORIGIN;9
AR;Argentina;;COUNTRY_OF_ORIGIN;10
AM;Armenia;;COUNTRY_OF_ORIGIN;11
AW;Aruba;;COUNTRY_OF_ORIGIN;12
AU;Australia;;COUNTRY_OF_ORIGIN;13
AT;Austria;;COUNTRY_OF_ORIGIN;14
AZ;Azerbaijan;;COUNTRY_OF_ORIGIN;15
BS;Bahamas;;COUNTRY_OF_ORIGIN;16
BH;Bahrain;;COUNTRY_OF_ORIGIN;17
BD;Bangladesh;;COUNTRY_OF_ORIGIN;18
BB;Barbados;;COUNTRY_OF_ORIGIN;19
BY;Belarus;;COUNTRY_OF_ORIGIN;20
BE;Belgium;;COUNTRY_OF_ORIGIN;21
BZ;Belize;;COUNTRY_OF_ORIGIN;22
BJ;Benin;;COUNTRY_OF_ORIGIN;23
BM;Bermuda;;COUNTRY_OF_ORIGIN;24
BT;Bhutan;;COUNTRY_OF_ORIGIN;25
BO;Bolivia;;COUNTRY_OF_ORIGIN;26
BA;Bosnia and Herzegovina;;COUNTRY_OF_ORIGIN;27
BW;Botswana;;COUNTRY_OF_ORIGIN;28
BV;Bouvet Island;;COUNTRY_OF_ORIGIN;29
BR;Brazil;;COUNTRY_OF_ORIGIN;30
IO;British Indian Ocean Territory;;COUNTRY_OF_ORIGIN;31
BN;Brunei Darussalam;;COUNTRY_OF_ORIGIN;32
BG;Bulgaria;;COUNTRY_OF_ORIGIN;33
BF;Burkina Faso;;COUNTRY_OF_ORIGIN;34
BI;Burundi;;COUNTRY_OF_ORIGIN;35
KH;Cambodia;;COUNTRY_OF_ORIGIN;36
CM;Cameroon;;COUNTRY_OF_ORIGIN;37
CA;Canada;;COUNTRY_OF_ORIGIN;38
CV;Cape Verde;;COUNTRY_OF_ORIGIN;39
KY;Cayman Islands;;COUNTRY_OF_ORIGIN;40
CF;Central African Republic;;COUNTRY_OF_ORIGIN;41
TD;Chad;;COUNTRY_OF_ORIGIN;42
CL;Chile;;COUNTRY_OF_ORIGIN;43
CN;China;;COUNTRY_OF_ORIGIN;44
CX;Christmas Island;;COUNTRY_OF_ORIGIN;45
CC;Cocos (Keeling) Islands;;COUNTRY_OF_ORIGIN;46
CO;Colombia;;COUNTRY_OF_ORIGIN;47
KM;Comoros;;COUNTRY_OF_ORIGIN;48
CG;Congo;;COUNTRY_OF_ORIGIN;49
CD;Congo, The Democratic Republic of;;COUNTRY_OF_ORIGIN;50
CK;Cook Islands;;COUNTRY_OF_ORIGIN;51
CR;Costa Rica;;COUNTRY_OF_ORIGIN;52
CI;Cote d'Ivoire;;COUNTRY_OF_ORIGIN;53
HR;Croatia;;COUNTRY_OF_ORIGIN;54
CU;Cuba;;COUNTRY_OF_ORIGIN;55
CY;Cyprus;;COUNTRY_OF_ORIGIN;56
CZ;Czech Republic;;COUNTRY_OF_ORIGIN;57
DK;Denmark;;COUNTRY_OF_ORIGIN;58
DJ;Djibouti;;COUNTRY_OF_ORIGIN;59
DM;Dominica;;COUNTRY_OF_ORIGIN;60
DO;Dominican Republic;;COUNTRY_OF_ORIGIN;61
TP;East Timor;;COUNTRY_OF_ORIGIN;62
EC;Ecuador;;COUNTRY_OF_ORIGIN;63
EG;Egypt;;COUNTRY_OF_ORIGIN;64
SV;El Salvador;;COUNTRY_OF_ORIGIN;65
GQ;Equatorial Guinea;;COUNTRY_OF_ORIGIN;66
ER;Eritrea;;COUNTRY_OF_ORIGIN;67
EE;Estonia;;COUNTRY_OF_ORIGIN;68
ET;Ethiopia;;COUNTRY_OF_ORIGIN;69
FK;Falkland Islands (Malvinas);;COUNTRY_OF_ORIGIN;70
FO;Faroe Islands;;COUNTRY_OF_ORIGIN;71
FJ;Fiji;;COUNTRY_OF_ORIGIN;72
FI;Finland;;COUNTRY_OF_ORIGIN;73
FR;France;;COUNTRY_OF_ORIGIN;74
GF;French Guiana;;COUNTRY_OF_ORIGIN;75
PF;French Polynesia;;COUNTRY_OF_ORIGIN;76
TF;French Southern Territories;;COUNTRY_OF_ORIGIN;77
GA;Gabon;;COUNTRY_OF_ORIGIN;78
GM;Gambia;;COUNTRY_OF_ORIGIN;79
GE;Georgia;;COUNTRY_OF_ORIGIN;80
DE;Germany;;COUNTRY_OF_ORIGIN;81
GH;Ghana;;COUNTRY_OF_ORIGIN;82
GI;Gibraltar;;COUNTRY_OF_ORIGIN;83
GR;Greece;;COUNTRY_OF_ORIGIN;84
GL;Greenland;;COUNTRY_OF_ORIGIN;85
GD;Grenada;;COUNTRY_OF_ORIGIN;86
GP;Guadeloupe;;COUNTRY_OF_ORIGIN;87
GU;Guam;;COUNTRY_OF_ORIGIN;88
GT;Guatemala;;COUNTRY_OF_ORIGIN;89
GN;Guinea;;COUNTRY_OF_ORIGIN;90
GW;Guinea-Bissau;;COUNTRY_OF_ORIGIN;91
GY;Guyana;;COUNTRY_OF_ORIGIN;92
HT;Haiti;;COUNTRY_OF_ORIGIN;93
HM;Heard and Mc Donald Islands;;COUNTRY_OF_ORIGIN;94
VA;Holy See (Vatican City State);;COUNTRY_OF_ORIGIN;95
HN;Honduras;;COUNTRY_OF_ORIGIN;96
HK;Hong Kong;;COUNTRY_OF_ORIGIN;97
HU;Hungary;;COUNTRY_OF_ORIGIN;98
IS;Iceland;;COUNTRY_OF_ORIGIN;99
IN;India;;COUNTRY_OF_ORIGIN;100
ID;Indonesia;;COUNTRY_OF_ORIGIN;101
IR;Iran, Islamic Republic of;;COUNTRY_OF_ORIGIN;102
IQ;Iraq;;COUNTRY_OF_ORIGIN;103
IE;Ireland;;COUNTRY_OF_ORIGIN;104
IL;Israel;;COUNTRY_OF_ORIGIN;105
IT;Italy;;COUNTRY_OF_ORIGIN;106
JM;Jamaica;;COUNTRY_OF_ORIGIN;107
JP;Japan;;COUNTRY_OF_ORIGIN;108
JO;Jordan;;COUNTRY_OF_ORIGIN;109
KZ;Kazakstan;;COUNTRY_OF_ORIGIN;110
KE;Kenya;;COUNTRY_OF_ORIGIN;111
KI;Kiribati;;COUNTRY_OF_ORIGIN;112
KP;Korea, Democratic People's Republic of;;COUNTRY_OF_ORIGIN;113
KR;Korea, Republic of;;COUNTRY_OF_ORIGIN;114
XK;Kosovo;;COUNTRY_OF_ORIGIN;115
KW;Kuwait;;COUNTRY_OF_ORIGIN;116
KG;Kyrgyzstan;;COUNTRY_OF_ORIGIN;117
LA;Lao, People's Democratic Republic;;COUNTRY_OF_ORIGIN;118
LV;Latvia;;COUNTRY_OF_ORIGIN;119
LB;Lebanon;;COUNTRY_OF_ORIGIN;120
LS;Lesotho;;COUNTRY_OF_ORIGIN;121
LR;Liberia;;COUNTRY_OF_ORIGIN;122
LY;Libyan Arab Jamahiriya;;COUNTRY_OF_ORIGIN;123
LI;Liechtenstein;;COUNTRY_OF_ORIGIN;124
LT;Lithuania;;COUNTRY_OF_ORIGIN;125
LU;Luxembourg;;COUNTRY_OF_ORIGIN;126
MO;Macao;;COUNTRY_OF_ORIGIN;127
MK;Macedonia, The Former Yugoslav Republic Of;;COUNTRY_OF_ORIGIN;128
MG;Madagascar;;COUNTRY_OF_ORIGIN;129
MW;Malawi;;COUNTRY_OF_ORIGIN;130
MY;Malaysia;;COUNTRY_OF_ORIGIN;131
MV;Maldives;;COUNTRY_OF_ORIGIN;132
ML;Mali;;COUNTRY_OF_ORIGIN;133
MT;Malta;;COUNTRY_OF_ORIGIN;134
MH;Marshall Islands;;COUNTRY_OF_ORIGIN;135
MQ;Martinique;;COUNTRY_OF_ORIGIN;136
MR;Mauritania;;COUNTRY_OF_ORIGIN;137
MU;Mauritius;;COUNTRY_OF_ORIGIN;138
YT;Mayotte;;COUNTRY_OF_ORIGIN;139
MX;Mexico;;COUNTRY_OF_ORIGIN;140
FM;Micronesia, Federated States of;;COUNTRY_OF_ORIGIN;141
MD;Moldova, Republic of;;COUNTRY_OF_ORIGIN;142
MC;Monaco;;COUNTRY_OF_ORIGIN;143
MN;Mongolia;;COUNTRY_OF_ORIGIN;144
MS;Montserrat;;COUNTRY_OF_ORIGIN;145
MA;Morocco;;COUNTRY_OF_ORIGIN;146
MZ;Mozambique;;COUNTRY_OF_ORIGIN;147
MM;Myanmar;;COUNTRY_OF_ORIGIN;148
NA;Namibia;;COUNTRY_OF_ORIGIN;149
NR;Nauru;;COUNTRY_OF_ORIGIN;150
NP;Nepal;;COUNTRY_OF_ORIGIN;151
NL;Netherlands;;COUNTRY_OF_ORIGIN;152
AN;Netherlands Antilles;;COUNTRY_OF_ORIGIN;153
NC;New Caledonia;;COUNTRY_OF_ORIGIN;154
NZ;New Zealand;;COUNTRY_OF_ORIGIN;155
NI;Nicaragua;;COUNTRY_OF_ORIGIN;156
NE;Niger;;COUNTRY_OF_ORIGIN;157
NG;Nigeria;;COUNTRY_OF_ORIGIN;158
NU;Niue;;COUNTRY_OF_ORIGIN;159
NF;Norfolk Island;;COUNTRY_OF_ORIGIN;160
MP;Northern Mariana Islands;;COUNTRY_OF_ORIGIN;161
NO;Norway;;COUNTRY_OF_ORIGIN;162
OM;Oman;;COUNTRY_OF_ORIGIN;163
PK;Pakistan;;COUNTRY_OF_ORIGIN;164
PW;Palau;;COUNTRY_OF_ORIGIN;165
PA;Panama;;COUNTRY_OF_ORIGIN;166
PG;Papua New Guinea;;COUNTRY_OF_ORIGIN;167
PY;Paraguay;;COUNTRY_OF_ORIGIN;168
PE;Peru;;COUNTRY_OF_ORIGIN;169
PH;Philippines;;COUNTRY_OF_ORIGIN;170
PN;Pitcairn;;COUNTRY_OF_ORIGIN;171
PL;Poland;;COUNTRY_OF_ORIGIN;172
PT;Portugal;;COUNTRY_OF_ORIGIN;173
PR;Puerto Rico;;COUNTRY_OF_ORIGIN;174
QA;Qatar;;COUNTRY_OF_ORIGIN;175
RE;Reunion;;COUNTRY_OF_ORIGIN;176
RO;Romania;;COUNTRY_OF_ORIGIN;177
RU;Russia Federation;;COUNTRY_OF_ORIGIN;178
RW;Rwanda;;COUNTRY_OF_ORIGIN;179
SH;Saint Helena;;COUNTRY_OF_ORIGIN;180
KN;Saint Kitts & Nevis;;COUNTRY_OF_ORIGIN;181
LC;Saint Lucia;;COUNTRY_OF_ORIGIN;182
PM;Saint Pierre and Miquelon;;COUNTRY_OF_ORIGIN;183
VC;Saint Vincent and the Grenadines;;COUNTRY_OF_ORIGIN;184
WS;Samoa;;COUNTRY_OF_ORIGIN;185
SM;San Marino;;COUNTRY_OF_ORIGIN;186
ST;Sao Tome and Principe;;COUNTRY_OF_ORIGIN;187
SA;Saudi Arabia;;COUNTRY_OF_ORIGIN;188
SN;Senegal;;COUNTRY_OF_ORIGIN;189
CS;Serbia and Montenegro;;COUNTRY_OF_ORIGIN;190
SC;Seychelles;;COUNTRY_OF_ORIGIN;191
SL;Sierra Leone;;COUNTRY_OF_ORIGIN;192
SG;Singapore;;COUNTRY_OF_ORIGIN;193
SK;Slovakia;;COUNTRY_OF_ORIGIN;194
SI;Slovenia;;COUNTRY_OF_ORIGIN;195
SB;Solomon Islands;;COUNTRY_OF_ORIGIN;196
SO;Somalia;;COUNTRY_OF_ORIGIN;197
ZA;South Africa;;COUNTRY_OF_ORIGIN;198
GS;South Georgia & The South Sandwich Islands;;COUNTRY_OF_ORIGIN;199
ES;Spain;;COUNTRY_OF_ORIGIN;200
LK;Sri Lanka;;COUNTRY_OF_ORIGIN;201
SD;Sudan;;COUNTRY_OF_ORIGIN;202
SR;Suriname;;COUNTRY_OF_ORIGIN;203
SJ;Svalbard and Jan Mayen;;COUNTRY_OF_ORIGIN;204
SZ;Swaziland;;COUNTRY_OF_ORIGIN;205
SE;Sweden;;COUNTRY_OF_ORIGIN;206
CH;Switzerland;;COUNTRY_OF_ORIGIN;207
SY;Syrian Arab Republic;;COUNTRY_OF_ORIGIN;208
TW;Taiwan, Province of China;;COUNTRY_OF_ORIGIN;209
TJ;Tajikistan;;COUNTRY_OF_ORIGIN;210
TZ;Tanzania, United Republic of;;COUNTRY_OF_ORIGIN;211
TH;Thailand;;COUNTRY_OF_ORIGIN;212
TG;Togo;;COUNTRY_OF_ORIGIN;213
TK;Tokelau;;COUNTRY_OF_ORIGIN;214
TO;Tonga;;COUNTRY_OF_ORIGIN;215
TT;Trinidad and Tobago;;COUNTRY_OF_ORIGIN;216
TN;Tunisia;;COUNTRY_OF_ORIGIN;217
TR;Turkey;;COUNTRY_OF_ORIGIN;218
TM;Turkmenistan;;COUNTRY_OF_ORIGIN;219
TC;Turks and Caicos Islands;;COUNTRY_OF_ORIGIN;220
TV;Tuvalu;;COUNTRY_OF_ORIGIN;221
UG;Uganda;;COUNTRY_OF_ORIGIN;222
UA;Ukraine;;COUNTRY_OF_ORIGIN;223
AE;United Arab Emirates;;COUNTRY_OF_ORIGIN;224
GB;United Kingdom;;COUNTRY_OF_ORIGIN;225
US;United States;;COUNTRY_OF_ORIGIN;226
UM;United States Minor Outlying Islands;;COUNTRY_OF_ORIGIN;227
UY;Uruguay;;COUNTRY_OF_ORIGIN;228
UZ;Uzbekistan;;COUNTRY_OF_ORIGIN;229
VU;Vanuatu;;COUNTRY_OF_ORIGIN;230
VE;Venezuela;;COUNTRY_OF_ORIGIN;231
VN;Vietnam;;COUNTRY_OF_ORIGIN;232
VG;Virgin Islands, British;;COUNTRY_OF_ORIGIN;233
VI;Virgin Islands, U.S.;;COUNTRY_OF_ORIGIN;234
WF;Wallis and Futuna;;COUNTRY_OF_ORIGIN;235
EH;Western Sahara;;COUNTRY_OF_ORIGIN;236
YE;Yemen;;COUNTRY_OF_ORIGIN;237
ZM;Zambia;;COUNTRY_OF_ORIGIN;238
ZW;Zimbabwe;;COUNTRY_OF_ORIGIN;239
BASE_UNIT_OR_EACH;Base Unit or Each;;TRADE_ITEM_UNIT_DESCRIPTOR;7
CASE;Case;;TRADE_ITEM_UNIT_DESCRIPTOR;8
PACK_OR_INNER_PACK;Pack or Inner Pack;;TRADE_ITEM_UNIT_DESCRIPTOR;9
PALLET;Pallet;;TRADE_ITEM_UNIT_DESCRIPTOR;10
DISPLAY_SHIPPER;Display Shipper;;TRADE_ITEM_UNIT_DESCRIPTOR;11
MIXED_MODULE;Mixed Module;;TRADE_ITEM_UNIT_DESCRIPTOR;12
TRANSPORT_LOAD;Transport Load;;TRADE_ITEM_UNIT_DESCRIPTOR;13
Bottle;Bottle;;NET_CONTENT_UOM;0
Capsule;Capsule;;NET_CONTENT_UOM;1
Pack;Pack;;NET_CONTENT_UOM;1
Unit;Unit;;NET_CONTENT_UOM;1
Cycle;Cycle;;NET_CONTENT_UOM;2
Dose;Dose;;NET_CONTENT_UOM;3
Inhaler;Inhaler;;NET_CONTENT_UOM;4
Kit;Kit;;NET_CONTENT_UOM;5
Ovules;Ovules;;NET_CONTENT_UOM;6
Packet;Packet;;NET_CONTENT_UOM;7
Piece;Piece;;NET_CONTENT_UOM;8
Set;Set;;NET_CONTENT_UOM;9
Suppository;Suppository;;NET_CONTENT_UOM;10
Syringe;Syringe;;NET_CONTENT_UOM;11
Tablet;Tablet;;NET_CONTENT_UOM;12
Treatment;Treatment;;NET_CONTENT_UOM;13
Tube;Tube;;NET_CONTENT_UOM;14
Vial;Vial;;NET_CONTENT_UOM;15
Each;Each;;NET_CONTENT_UOM;16
Ampoule;Ampoule;;NET_CONTENT_UOM;17
Package;Package;;NET_CONTENT_UOM;18
AM;AM;;NET_CONTENT_UOM;19
CYC;CYC;;NET_CONTENT_UOM;20
EA;EA;;NET_CONTENT_UOM;21
PC;PC;;NET_CONTENT_UOM;22
PCS;PCS;;NET_CONTENT_UOM;23
TAB;TAB;;NET_CONTENT_UOM;24
UNT;UNT;;NET_CONTENT_UOM;25
VI;VI;;NET_CONTENT_UOM;26
BOX;BOX;;NET_CONTENT_UOM;27
PKG;PKG;;NET_CONTENT_UOM;28
CAS;CAS;;NET_CONTENT_UOM;29
CA;Capsule;;DOSAGE_FORM;0
CR;Cream;;DOSAGE_FORM;1
subdermal;Subdermal;;DOSAGE_FORM;1
DT;Dispersible Tablet;;DOSAGE_FORM;2
DR;Drops;;DOSAGE_FORM;3
ED;Ear Drops;;DOSAGE_FORM;4
EL;Elixir;;DOSAGE_FORM;5
EO;Eye Ointment;;DOSAGE_FORM;6
GA;Gaseous;;DOSAGE_FORM;7
GE;Gel;;DOSAGE_FORM;8
ID;Eye Drops;;DOSAGE_FORM;9
IN;Injection;;DOSAGE_FORM;10
LI;Liquid;;DOSAGE_FORM;11
LO;Lotion;;DOSAGE_FORM;12
MI;Mixture;;DOSAGE_FORM;13
MW;Mouth Wash;;DOSAGE_FORM;14
OG;Oral Gel;;DOSAGE_FORM;15
OI;Ointment;;DOSAGE_FORM;16
PO;Powder/Granules;;DOSAGE_FORM;17
RE;Rectal (Suppository);;DOSAGE_FORM;18
RS;Rectal Solution (Rectal Tubes);;DOSAGE_FORM;19
SH;Shampoo;;DOSAGE_FORM;20
SP;Spray;;DOSAGE_FORM;21
SU;Suspension;;DOSAGE_FORM;22
SY;Syrup;;DOSAGE_FORM;23
TA;Tablet;;DOSAGE_FORM;24
TD;Tablet Dispersible;;DOSAGE_FORM;25
VC;Vaginal Cream;;DOSAGE_FORM;26
VP;Vaginal (Pessary, Tablet, Capsule);;DOSAGE_FORM;27
ND;Nasal Drops;;DOSAGE_FORM;28
Oral;Oral;;ROUTE_OF_ADMINISTRATION;0
Parenteral;Parenteral;;ROUTE_OF_ADMINISTRATION;1
Oral_Solid;Oral Solid;;ROUTE_OF_ADMINISTRATION;1
Rectal;Rectal;;ROUTE_OF_ADMINISTRATION;2
Nasal;Nasal;;ROUTE_OF_ADMINISTRATION;3
Other;Other;;ROUTE_OF_ADMINISTRATION;4
Oropharyngeal;Oropharyngeal;;ROUTE_OF_ADMINISTRATION;5
Topical;Topical;;ROUTE_OF_ADMINISTRATION;6
Ophthalmic;Ophthalmic;;ROUTE_OF_ADMINISTRATION;7
Auricular_OTIC;Auricular (OTIC);;ROUTE_OF_ADMINISTRATION;8
Intrasinal;Intrasinal;;ROUTE_OF_ADMINISTRATION;9
Respiratory_Inhalation;Respiratory (Inhalation);;ROUTE_OF_ADMINISTRATION;10
Vaginal;Vaginal;;ROUTE_OF_ADMINISTRATION;11
NA;Not Applicable;;ROUTE_OF_ADMINISTRATION;12
Unknown;Unknown;;ROUTE_OF_ADMINISTRATION;13
Parenteral_Slow_Release;Parenteral Slow-Release;;ROUTE_OF_ADMINISTRATION;14
UNFPA;UNFPA;;SOURCE_OF_DATA;1
GHSC_PSM;GHSC-PSM;;SOURCE_OF_DATA;1
MANUFACTURER;MANUFACTURER (DIRECT SHIP);;SOURCE_OF_DATA;2
S_10;Acme Formulation;;MANUFACTURER_NAME;0
PHANTOM;PHANTOM;;MANUFACTURER_NAME;1
N_V__ORGANON;N.V. Organon;;MANUFACTURER_NAME;1
MSD;MSD;;MANUFACTURER_NAME;1
Corporate_Channels_India_Pvt__Ltd_;Corporate Channels India Pvt. Ltd.;;MANUFACTURER_NAME;1
HLL_Lifecare_Limited;HLL Lifecare Limited;;MANUFACTURER_NAME;1
Injeflex_Ind__e_Com__de_Dispositivos_e_Produtos_Medicos_Ltda_;Injeflex Ind. e Com. de Dispositivos e Produtos Medicos Ltda.;;MANUFACTURER_NAME;1
SMB_Corporation_of_India;SMB Corporation of India;;MANUFACTURER_NAME;1
Pregna_International_Ltd_;Pregna International Ltd.;;MANUFACTURER_NAME;1
Bayer_AG;Bayer AG;;MANUFACTURER_NAME;1
Bayer_Schering_Pharma_Oy;Bayer Schering Pharma Oy;;MANUFACTURER_NAME;1
Bayer_Weimar_GmbH_and_Co__KG;Bayer Weimar GmbH and Co. KG;;MANUFACTURER_NAME;1
Cipla_Limited;Cipla Limited;;MANUFACTURER_NAME;1
Cycle_Technologies;Cycle Technologies;;MANUFACTURER_NAME;1
Delpharm_Lille_SAS;Delpharm Lille SAS;;MANUFACTURER_NAME;1
Gideon_Richter;Gideon Richter;;MANUFACTURER_NAME;1
HRA_Pharma;HRA Pharma;;MANUFACTURER_NAME;1
Laboratorios_Leon_Farma;Laboratorios Leon Farma;;MANUFACTURER_NAME;1
Lupin;Lupin;;MANUFACTURER_NAME;1
Mylan_Laboratories_Limited;Mylan Laboratories Limited;;MANUFACTURER_NAME;1
Pfizer_Inc_;Pfizer Inc.;;MANUFACTURER_NAME;1
Pfizer_Manufacturing_Belgium_NV;Pfizer Manufacturing Belgium NV;;MANUFACTURER_NAME;1
PT_Tunggal_Idaman_Abdi;PT Tunggal Idaman Abdi;;MANUFACTURER_NAME;1
Shanghai_Dahua_Pharmaceutical_Co___Ltd_;Shanghai Dahua Pharmaceutical Co., Ltd.;;MANUFACTURER_NAME;1
Cupid_Limited;Cupid Limited;;MANUFACTURER_NAME;1
Dongkuk_Vietnam_Co___Ltd_;Dongkuk Vietnam Co., Ltd.;;MANUFACTURER_NAME;1
Female_Health_Company;The Female Health Company;;MANUFACTURER_NAME;1
Guangzhou_Double_One_Latex_Products_Co___Ltd_;Guangzhou Double One Latex Products Co., Ltd.;;MANUFACTURER_NAME;1
Guilin_Zizhu_Latex_Co___Ltd_;Guilin Zizhu Latex Co., Ltd.;;MANUFACTURER_NAME;1
Indus_Medicare_Ltd_;Indus Medicare Ltd.;;MANUFACTURER_NAME;1
Innolatex__Thailand__Limited;Innolatex (Thailand) Limited;;MANUFACTURER_NAME;1
Innolatex_Sdn__Bhd_;Innolatex Sdn. Bhd;;MANUFACTURER_NAME;1
Karex_Berhad;Karex_Berhad;;MANUFACTURER_NAME;1
Karex_Industries_SDN_BHD;Karex Industries SDN BHD;;MANUFACTURER_NAME;1
Qingdao_Double_Butterfly_Group_Ltd;Qingdao Double Butterfly Group Ltd.;;MANUFACTURER_NAME;1
Suretex_Limited;Suretex Limited;;MANUFACTURER_NAME;1
Suretex_Ltd_;Suretex Ltd.;;MANUFACTURER_NAME;1
Suretex_Prophylactics__India__Ltd;Suretex Prophylactics (India) Ltd.;;MANUFACTURER_NAME;1
Thai_Nippon_Rubber_Industry_Ltd_;Thai Nippon Rubber Industry Ltd.;;MANUFACTURER_NAME;1
Unidus_Corporation;Unidus Corporation;;MANUFACTURER_NAME;1
Veru_Inc_;Veru Inc.;;MANUFACTURER_NAME;1
Lightwell_LLC;Lightwell LLC;;MANUFACTURER_NAME;1
S_100001;AnyLand Supplier A;;MANUFACTURER_NAME;1
S_100002;AnyLand Supplier B;;MANUFACTURER_NAME;2
S_100003;AnyLand Supplier C;;MANUFACTURER_NAME;3
S_100004;AnyLand Supplier D;;MANUFACTURER_NAME;4
S_100006;AnyLand Supplier E;;MANUFACTURER_NAME;5
S_100007;AnyLand Supplier F;;MANUFACTURER_NAME;6
S_100008;AnyLand Supplier G;;MANUFACTURER_NAME;7
S_100009;AnyLand Supplier H;;MANUFACTURER_NAME;8
S_100012;AnyLand Supplier I;;MANUFACTURER_NAME;9
S_1;Bayer AG;;MANUFACTURER_NAME;10
S_11;Pfizer;;MANUFACTURER_NAME;11
S_12;Gideon Richter;;MANUFACTURER_NAME;12
S_22;Cupid Limited;;MANUFACTURER_NAME;13
S_13;DKT International;;MANUFACTURER_NAME;14
S_14;Injeflex Ind. E Com. De Dispositivos E Prods. Medicos Ltda;;MANUFACTURER_NAME;15
S_15;Pregna International Ltd.;;MANUFACTURER_NAME;16
S_16;Corporate Channels India Pvt. Ltd.;;MANUFACTURER_NAME;17
S_17;HLL Lifecare Limited;;MANUFACTURER_NAME;18
S_18;SMB Corporation of India;;MANUFACTURER_NAME;19
S_19;Cycle Technologies;;MANUFACTURER_NAME;20
S_2;MSD;;MANUFACTURER_NAME;21
S_20;Missionpharma A/S;;MANUFACTURER_NAME;22
S_21;IMRES B.V;;MANUFACTURER_NAME;23
S_23;Dongkuk Vietnam Co., Ltd.;;MANUFACTURER_NAME;24
S_24;Veru Inc.;;MANUFACTURER_NAME;25
S_25;Guangzhou Double One Latex Products Co., Ltd.;;MANUFACTURER_NAME;26
S_26;Guilin Zizhu Latex Co., Ltd.;;MANUFACTURER_NAME;27
S_27;Indus Medicare Ltd.;;MANUFACTURER_NAME;28
S_29;Karex Berhad;;MANUFACTURER_NAME;29
S_3;Mylan Laboratories Limited;;MANUFACTURER_NAME;30
S_30;Qingdao Double Butterfly Group Ltd.;;MANUFACTURER_NAME;31
S_32;Suretex Ltd.;;MANUFACTURER_NAME;32
S_34;Thai Nippon Rubber Industry Ltd.;;MANUFACTURER_NAME;33
S_35;Unidus Corporation;;MANUFACTURER_NAME;34
S_36;Tianjin Human-care Latex Corporation;;MANUFACTURER_NAME;35
S_38;Barrs Medical (Pty) Ltd.;;MANUFACTURER_NAME;36
S_4;Shanghai Dahua Pharmaceutical Co., Ltd.;;MANUFACTURER_NAME;37
S_5;RDC-GHSC-PSM;;MANUFACTURER_NAME;38
S_6;Cipla Limited;;MANUFACTURER_NAME;39
S_7;HRA Pharma;;MANUFACTURER_NAME;40
S_8;Laboratorios Leon Farma;;MANUFACTURER_NAME;41
S_9;Lupin;;MANUFACTURER_NAME;42
S_PHANTOM;PHANTOM;;MANUFACTURER_NAME;43
NA;N/A;;LABELING;0
UNKNOWN;Unknown;;LABELING;1
English;English;;LABELING;2
English_Africa;English (Africa);;LABELING;3
English_Neutral;English (Neutral);;LABELING;4
English_Amharic;English/Amharic;;LABELING;5
English_French;English/French;;LABELING;6
English_French_Portuguese;English/French/Portuguese;;LABELING;7
English_Portuguese;English/Portuguese;;LABELING;8
English_Spanish;English/Spanish;;LABELING;9
Multilanguage_Arabic_English_French_Spanish;Multilanguage (Arabic, English, French, Spanish);;LABELING;10
Portuguese;Portuguese;;LABELING;11
Purple16;Purple 16;;LABELING;12
Purple17;Purple 17;;LABELING;13
Zimbabwe_Nigeria;Zimbabwe/Nigeria;;LABELING;14
French_Africa;French/Africa;;LABELING;15
FALSE;False;;GS1_SAFETYDATASHEETINFORMATIONISREGULATEDFORTRANSPORTATION;2
TRUE;True;;GS1_SAFETYDATASHEETINFORMATIONISREGULATEDFORTRANSPORTATION;3
NOT_APPLICABLE;Not Applicable;;GS1_SAFETYDATASHEETINFORMATIONISREGULATEDFORTRANSPORTATION;4
UNSPECIFIED;Unspecified;;GS1_SAFETYDATASHEETINFORMATIONISREGULATEDFORTRANSPORTATION;5
FALSE;False;;GS1_ISINGREDIENTGENERIC;0
TRUE;True;;GS1_ISINGREDIENTGENERIC;1
NOT_APPLICABLE;Not Applicable;;GS1_ISINGREDIENTGENERIC;2
UNSPECIFIED;Unspecified;;GS1_ISINGREDIENTGENERIC;3
FALSE;False;;GS1_ISINGREDIENTACTIVE;0
TRUE;True;;GS1_ISINGREDIENTACTIVE;1
NOT_APPLICABLE;Not Applicable;;GS1_ISINGREDIENTACTIVE;2
UNSPECIFIED;Unspecified;;GS1_ISINGREDIENTACTIVE;3
FALSE;False;;GS1_ISDANGEROUSSUBSTANCE;2
TRUE;True;;GS1_ISDANGEROUSSUBSTANCE;3
NOT_APPLICABLE;Not Applicable;;GS1_ISDANGEROUSSUBSTANCE;4
UNSPECIFIED;Unspecified;;GS1_ISDANGEROUSSUBSTANCE;5
FALSE;False;;GS1_HAZARDOUSWASTEINFORMATIONISUNIVERSALWASTE;0
TRUE;True;;GS1_HAZARDOUSWASTEINFORMATIONISUNIVERSALWASTE;1
NOT_APPLICABLE;Not Applicable;;GS1_HAZARDOUSWASTEINFORMATIONISUNIVERSALWASTE;2
UNSPECIFIED;Unspecified;;GS1_HAZARDOUSWASTEINFORMATIONISUNIVERSALWASTE;4
FALSE;False;;GS1_DOESITEMCONTAINACONTROLLEDSUBSTANCE;0
TRUE;True;;GS1_DOESITEMCONTAINACONTROLLEDSUBSTANCE;1
NOT_APPLICABLE;Not Applicable;;GS1_DOESITEMCONTAINACONTROLLEDSUBSTANCE;2
UNSPECIFIED;Unspecified;;GS1_DOESITEMCONTAINACONTROLLEDSUBSTANCE;3
Combined_Oral_Contraceptives;Combined Oral Contraceptives;;L3;0
Emergency_Oral_Contraceptives;Emergency Oral Contraceptives;;L3;0
Progestogen_Only_Pills;Progestogen Only Pills;;L3;0
Injectable_Contraceptives;Injectable Contraceptives;;L3;0
Standard_Days_Method;Standard Days Method;;L3;0
Female_Condoms;Female Condoms;;L3;0
Male_Condoms;Male Condoms;;L3;0
Copper_bearing_Intrauterine_Devices;Copper-bearing Intrauterine Devices;;L3;0
Implantable_Contraceptive;Implantable Contraceptive;;L3;0
Implantable_Contraceptives;Implantable Contraceptive;;L3;1
Syringes_and_accessories;Syringes and accessories;;L3;1
Injection_and_aspiration_needles_and_accessories;Injection and aspiration needles and accessories;;L3;1
AA;AnyLand;;MD_HUB_COUNTRYISOCODE;0
AF;Afghanistan;;MD_HUB_COUNTRYISOCODE;1
CW;Curaçao;;MD_HUB_COUNTRYISOCODE;2
PS;Occupied Palestinian Territory;;MD_HUB_COUNTRYISOCODE;3
SS;South Sudan;;MD_HUB_COUNTRYISOCODE;4
TL;Timor-Leste;;MD_HUB_COUNTRYISOCODE;5
AX;Aland Islands;;MD_HUB_COUNTRYISOCODE;6
AL;Albania;;MD_HUB_COUNTRYISOCODE;7
DZ;Algeria;;MD_HUB_COUNTRYISOCODE;8
AS;American Samoa;;MD_HUB_COUNTRYISOCODE;9
AD;Andorra;;MD_HUB_COUNTRYISOCODE;10
AO;Angola;;MD_HUB_COUNTRYISOCODE;11
AI;Anguilla;;MD_HUB_COUNTRYISOCODE;12
AQ;Antarctica;;MD_HUB_COUNTRYISOCODE;13
AG;Antigua and Barbuda;;MD_HUB_COUNTRYISOCODE;14
AR;Argentina;;MD_HUB_COUNTRYISOCODE;15
AM;Armenia;;MD_HUB_COUNTRYISOCODE;16
AW;Aruba;;MD_HUB_COUNTRYISOCODE;17
AU;Australia;;MD_HUB_COUNTRYISOCODE;18
AT;Austria;;MD_HUB_COUNTRYISOCODE;19
AZ;Azerbaijan;;MD_HUB_COUNTRYISOCODE;20
BS;Bahamas;;MD_HUB_COUNTRYISOCODE;21
BH;Bahrain;;MD_HUB_COUNTRYISOCODE;22
BD;Bangladesh;;MD_HUB_COUNTRYISOCODE;23
BB;Barbados;;MD_HUB_COUNTRYISOCODE;24
BY;Belarus;;MD_HUB_COUNTRYISOCODE;25
BE;Belgium;;MD_HUB_COUNTRYISOCODE;26
BZ;Belize;;MD_HUB_COUNTRYISOCODE;27
BJ;Benin;;MD_HUB_COUNTRYISOCODE;28
BM;Bermuda;;MD_HUB_COUNTRYISOCODE;29
BT;Bhutan;;MD_HUB_COUNTRYISOCODE;30
BO;Bolivia;;MD_HUB_COUNTRYISOCODE;31
BA;Bosnia and Herzegovina;;MD_HUB_COUNTRYISOCODE;32
BW;Botswana;;MD_HUB_COUNTRYISOCODE;33
BV;Bouvet Island;;MD_HUB_COUNTRYISOCODE;34
BR;Brazil;;MD_HUB_COUNTRYISOCODE;35
IO;British Indian Ocean Territory;;MD_HUB_COUNTRYISOCODE;36
BN;Brunei Darussalam;;MD_HUB_COUNTRYISOCODE;37
BG;Bulgaria;;MD_HUB_COUNTRYISOCODE;38
BF;Burkina Faso;;MD_HUB_COUNTRYISOCODE;39
BI;Burundi;;MD_HUB_COUNTRYISOCODE;40
KH;Cambodia;;MD_HUB_COUNTRYISOCODE;41
CM;Cameroon;;MD_HUB_COUNTRYISOCODE;42
CA;Canada;;MD_HUB_COUNTRYISOCODE;43
CV;Cape Verde;;MD_HUB_COUNTRYISOCODE;44
KY;Cayman Islands;;MD_HUB_COUNTRYISOCODE;45
CF;Central African Republic;;MD_HUB_COUNTRYISOCODE;46
TD;Chad;;MD_HUB_COUNTRYISOCODE;47
CL;Chile;;MD_HUB_COUNTRYISOCODE;48
CN;China;;MD_HUB_COUNTRYISOCODE;49
CX;Christmas Island;;MD_HUB_COUNTRYISOCODE;50
CC;Cocos (Keeling) Islands;;MD_HUB_COUNTRYISOCODE;51
CO;Colombia;;MD_HUB_COUNTRYISOCODE;52
KM;Comoros;;MD_HUB_COUNTRYISOCODE;53
CG;Congo;;MD_HUB_COUNTRYISOCODE;54
CD;Congo, The Democratic Republic of;;MD_HUB_COUNTRYISOCODE;55
CK;Cook Islands;;MD_HUB_COUNTRYISOCODE;56
CR;Costa Rica;;MD_HUB_COUNTRYISOCODE;57
CI;Cote d'Ivoire;;MD_HUB_COUNTRYISOCODE;58
HR;Croatia;;MD_HUB_COUNTRYISOCODE;59
CU;Cuba;;MD_HUB_COUNTRYISOCODE;60
CY;Cyprus;;MD_HUB_COUNTRYISOCODE;61
CZ;Czech Republic;;MD_HUB_COUNTRYISOCODE;62
DK;Denmark;;MD_HUB_COUNTRYISOCODE;63
DJ;Djibouti;;MD_HUB_COUNTRYISOCODE;64
DM;Dominica;;MD_HUB_COUNTRYISOCODE;65
DO;Dominican Republic;;MD_HUB_COUNTRYISOCODE;66
TP;East Timor;;MD_HUB_COUNTRYISOCODE;67
EC;Ecuador;;MD_HUB_COUNTRYISOCODE;68
EG;Egypt;;MD_HUB_COUNTRYISOCODE;69
SV;El Salvador;;MD_HUB_COUNTRYISOCODE;70
GQ;Equatorial Guinea;;MD_HUB_COUNTRYISOCODE;71
ER;Eritrea;;MD_HUB_COUNTRYISOCODE;72
EE;Estonia;;MD_HUB_COUNTRYISOCODE;73
ET;Ethiopia;;MD_HUB_COUNTRYISOCODE;74
FK;Falkland Islands (Malvinas);;MD_HUB_COUNTRYISOCODE;75
FO;Faroe Islands;;MD_HUB_COUNTRYISOCODE;76
FJ;Fiji;;MD_HUB_COUNTRYISOCODE;77
FI;Finland;;MD_HUB_COUNTRYISOCODE;78
FR;France;;MD_HUB_COUNTRYISOCODE;79
GF;French Guiana;;MD_HUB_COUNTRYISOCODE;80
PF;French Polynesia;;MD_HUB_COUNTRYISOCODE;81
TF;French Southern Territories;;MD_HUB_COUNTRYISOCODE;82
GA;Gabon;;MD_HUB_COUNTRYISOCODE;83
GM;Gambia;;MD_HUB_COUNTRYISOCODE;84
GE;Georgia;;MD_HUB_COUNTRYISOCODE;85
DE;Germany;;MD_HUB_COUNTRYISOCODE;86
GH;Ghana;;MD_HUB_COUNTRYISOCODE;87
GI;Gibraltar;;MD_HUB_COUNTRYISOCODE;88
GR;Greece;;MD_HUB_COUNTRYISOCODE;89
GL;Greenland;;MD_HUB_COUNTRYISOCODE;90
GD;Grenada;;MD_HUB_COUNTRYISOCODE;91
GP;Guadeloupe;;MD_HUB_COUNTRYISOCODE;92
GU;Guam;;MD_HUB_COUNTRYISOCODE;93
GT;Guatemala;;MD_HUB_COUNTRYISOCODE;94
GN;Guinea;;MD_HUB_COUNTRYISOCODE;95
GW;Guinea-Bissau;;MD_HUB_COUNTRYISOCODE;96
GY;Guyana;;MD_HUB_COUNTRYISOCODE;97
HT;Haiti;;MD_HUB_COUNTRYISOCODE;98
HM;Heard and Mc Donald Islands;;MD_HUB_COUNTRYISOCODE;99
VA;Holy See (Vatican City State);;MD_HUB_COUNTRYISOCODE;100
HN;Honduras;;MD_HUB_COUNTRYISOCODE;101
HK;Hong Kong;;MD_HUB_COUNTRYISOCODE;102
HU;Hungary;;MD_HUB_COUNTRYISOCODE;103
IS;Iceland;;MD_HUB_COUNTRYISOCODE;104
IN;India;;MD_HUB_COUNTRYISOCODE;105
ID;Indonesia;;MD_HUB_COUNTRYISOCODE;106
IR;Iran, Islamic Republic of;;MD_HUB_COUNTRYISOCODE;107
IQ;Iraq;;MD_HUB_COUNTRYISOCODE;108
IE;Ireland;;MD_HUB_COUNTRYISOCODE;109
IL;Israel;;MD_HUB_COUNTRYISOCODE;110
IT;Italy;;MD_HUB_COUNTRYISOCODE;111
JM;Jamaica;;MD_HUB_COUNTRYISOCODE;112
JP;Japan;;MD_HUB_COUNTRYISOCODE;113
JO;Jordan;;MD_HUB_COUNTRYISOCODE;114
KZ;Kazakstan;;MD_HUB_COUNTRYISOCODE;115
KE;Kenya;;MD_HUB_COUNTRYISOCODE;116
KI;Kiribati;;MD_HUB_COUNTRYISOCODE;117
KP;Korea, Democratic People's Republic of;;MD_HUB_COUNTRYISOCODE;118
KR;Korea, Republic of;;MD_HUB_COUNTRYISOCODE;119
XK;Kosovo;;MD_HUB_COUNTRYISOCODE;120
KW;Kuwait;;MD_HUB_COUNTRYISOCODE;121
KG;Kyrgyzstan;;MD_HUB_COUNTRYISOCODE;122
LA;Lao, People's Democratic Republic;;MD_HUB_COUNTRYISOCODE;123
LV;Latvia;;MD_HUB_COUNTRYISOCODE;124
LB;Lebanon;;MD_HUB_COUNTRYISOCODE;125
LS;Lesotho;;MD_HUB_COUNTRYISOCODE;126
LR;Liberia;;MD_HUB_COUNTRYISOCODE;127
LY;Libyan Arab Jamahiriya;;MD_HUB_COUNTRYISOCODE;128
LI;Liechtenstein;;MD_HUB_COUNTRYISOCODE;129
LT;Lithuania;;MD_HUB_COUNTRYISOCODE;130
LU;Luxembourg;;MD_HUB_COUNTRYISOCODE;131
MO;Macao;;MD_HUB_COUNTRYISOCODE;132
MK;Macedonia, The Former Yugoslav Republic Of;;MD_HUB_COUNTRYISOCODE;133
MG;Madagascar;;MD_HUB_COUNTRYISOCODE;134
MW;Malawi;;MD_HUB_COUNTRYISOCODE;135
MY;Malaysia;;MD_HUB_COUNTRYISOCODE;136
MV;Maldives;;MD_HUB_COUNTRYISOCODE;137
ML;Mali;;MD_HUB_COUNTRYISOCODE;138
MT;Malta;;MD_HUB_COUNTRYISOCODE;139
MH;Marshall Islands;;MD_HUB_COUNTRYISOCODE;140
MQ;Martinique;;MD_HUB_COUNTRYISOCODE;141
MR;Mauritania;;MD_HUB_COUNTRYISOCODE;142
MU;Mauritius;;MD_HUB_COUNTRYISOCODE;143
YT;Mayotte;;MD_HUB_COUNTRYISOCODE;144
MX;Mexico;;MD_HUB_COUNTRYISOCODE;145
FM;Micronesia, Federated States of;;MD_HUB_COUNTRYISOCODE;146
MD;Moldova, Republic of;;MD_HUB_COUNTRYISOCODE;147
MC;Monaco;;MD_HUB_COUNTRYISOCODE;148
MN;Mongolia;;MD_HUB_COUNTRYISOCODE;149
MS;Montserrat;;MD_HUB_COUNTRYISOCODE;150
MA;Morocco;;MD_HUB_COUNTRYISOCODE;151
MZ;Mozambique;;MD_HUB_COUNTRYISOCODE;152
MM;Myanmar;;MD_HUB_COUNTRYISOCODE;153
NA;Namibia;;MD_HUB_COUNTRYISOCODE;154
NR;Nauru;;MD_HUB_COUNTRYISOCODE;155
NP;Nepal;;MD_HUB_COUNTRYISOCODE;156
NL;Netherlands;;MD_HUB_COUNTRYISOCODE;157
AN;Netherlands Antilles;;MD_HUB_COUNTRYISOCODE;158
NC;New Caledonia;;MD_HUB_COUNTRYISOCODE;159
NZ;New Zealand;;MD_HUB_COUNTRYISOCODE;160
NI;Nicaragua;;MD_HUB_COUNTRYISOCODE;161
NE;Niger;;MD_HUB_COUNTRYISOCODE;162
NG;Nigeria;;MD_HUB_COUNTRYISOCODE;163
NU;Niue;;MD_HUB_COUNTRYISOCODE;164
NF;Norfolk Island;;MD_HUB_COUNTRYISOCODE;165
MP;Northern Mariana Islands;;MD_HUB_COUNTRYISOCODE;166
NO;Norway;;MD_HUB_COUNTRYISOCODE;167
OM;Oman;;MD_HUB_COUNTRYISOCODE;168
PK;Pakistan;;MD_HUB_COUNTRYISOCODE;169
PW;Palau;;MD_HUB_COUNTRYISOCODE;170
PA;Panama;;MD_HUB_COUNTRYISOCODE;171
PG;Papua New Guinea;;MD_HUB_COUNTRYISOCODE;172
PY;Paraguay;;MD_HUB_COUNTRYISOCODE;173
PE;Peru;;MD_HUB_COUNTRYISOCODE;174
PH;Philippines;;MD_HUB_COUNTRYISOCODE;175
PN;Pitcairn;;MD_HUB_COUNTRYISOCODE;176
PL;Poland;;MD_HUB_COUNTRYISOCODE;177
PT;Portugal;;MD_HUB_COUNTRYISOCODE;178
PR;Puerto Rico;;MD_HUB_COUNTRYISOCODE;179
QA;Qatar;;MD_HUB_COUNTRYISOCODE;180
RE;Reunion;;MD_HUB_COUNTRYISOCODE;181
RO;Romania;;MD_HUB_COUNTRYISOCODE;182
RU;Russia Federation;;MD_HUB_COUNTRYISOCODE;183
RW;Rwanda;;MD_HUB_COUNTRYISOCODE;184
SH;Saint Helena;;MD_HUB_COUNTRYISOCODE;185
KN;Saint Kitts & Nevis;;MD_HUB_COUNTRYISOCODE;186
LC;Saint Lucia;;MD_HUB_COUNTRYISOCODE;187
PM;Saint Pierre and Miquelon;;MD_HUB_COUNTRYISOCODE;188
VC;Saint Vincent and the Grenadines;;MD_HUB_COUNTRYISOCODE;189
WS;Samoa;;MD_HUB_COUNTRYISOCODE;190
SM;San Marino;;MD_HUB_COUNTRYISOCODE;191
ST;Sao Tome and Principe;;MD_HUB_COUNTRYISOCODE;192
SA;Saudi Arabia;;MD_HUB_COUNTRYISOCODE;193
SN;Senegal;;MD_HUB_COUNTRYISOCODE;194
CS;Serbia and Montenegro;;MD_HUB_COUNTRYISOCODE;195
SC;Seychelles;;MD_HUB_COUNTRYISOCODE;196
SL;Sierra Leone;;MD_HUB_COUNTRYISOCODE;197
SG;Singapore;;MD_HUB_COUNTRYISOCODE;198
SK;Slovakia;;MD_HUB_COUNTRYISOCODE;199
SI;Slovenia;;MD_HUB_COUNTRYISOCODE;200
SB;Solomon Islands;;MD_HUB_COUNTRYISOCODE;201
SO;Somalia;;MD_HUB_COUNTRYISOCODE;202
ZA;South Africa;;MD_HUB_COUNTRYISOCODE;203
GS;South Georgia & The South Sandwich Islands;;MD_HUB_COUNTRYISOCODE;204
ES;Spain;;MD_HUB_COUNTRYISOCODE;205
LK;Sri Lanka;;MD_HUB_COUNTRYISOCODE;206
SD;Sudan;;MD_HUB_COUNTRYISOCODE;207
SR;Suriname;;MD_HUB_COUNTRYISOCODE;208
SJ;Svalbard and Jan Mayen;;MD_HUB_COUNTRYISOCODE;209
SZ;Swaziland;;MD_HUB_COUNTRYISOCODE;210
SE;Sweden;;MD_HUB_COUNTRYISOCODE;211
CH;Switzerland;;MD_HUB_COUNTRYISOCODE;212
SY;Syrian Arab Republic;;MD_HUB_COUNTRYISOCODE;213
TW;Taiwan, Province of China;;MD_HUB_COUNTRYISOCODE;214
TJ;Tajikistan;;MD_HUB_COUNTRYISOCODE;215
TZ;Tanzania, United Republic of;;MD_HUB_COUNTRYISOCODE;216
TH;Thailand;;MD_HUB_COUNTRYISOCODE;217
TG;Togo;;MD_HUB_COUNTRYISOCODE;218
TK;Tokelau;;MD_HUB_COUNTRYISOCODE;219
TO;Tonga;;MD_HUB_COUNTRYISOCODE;220
TT;Trinidad and Tobago;;MD_HUB_COUNTRYISOCODE;221
TN;Tunisia;;MD_HUB_COUNTRYISOCODE;222
TR;Turkey;;MD_HUB_COUNTRYISOCODE;223
TM;Turkmenistan;;MD_HUB_COUNTRYISOCODE;224
TC;Turks and Caicos Islands;;MD_HUB_COUNTRYISOCODE;225
TV;Tuvalu;;MD_HUB_COUNTRYISOCODE;226
UG;Uganda;;MD_HUB_COUNTRYISOCODE;227
UA;Ukraine;;MD_HUB_COUNTRYISOCODE;228
AE;United Arab Emirates;;MD_HUB_COUNTRYISOCODE;229
GB;United Kingdom;;MD_HUB_COUNTRYISOCODE;230
US;United States;;MD_HUB_COUNTRYISOCODE;231
UM;United States Minor Outlying Islands;;MD_HUB_COUNTRYISOCODE;232
UY;Uruguay;;MD_HUB_COUNTRYISOCODE;233
UZ;Uzbekistan;;MD_HUB_COUNTRYISOCODE;234
VU;Vanuatu;;MD_HUB_COUNTRYISOCODE;235
VE;Venezuela;;MD_HUB_COUNTRYISOCODE;236
VN;Vietnam;;MD_HUB_COUNTRYISOCODE;237
VG;Virgin Islands, British;;MD_HUB_COUNTRYISOCODE;238
VI;Virgin Islands, U.S.;;MD_HUB_COUNTRYISOCODE;239
WF;Wallis and Futuna;;MD_HUB_COUNTRYISOCODE;240
EH;Western Sahara;;MD_HUB_COUNTRYISOCODE;241
YE;Yemen;;MD_HUB_COUNTRYISOCODE;242
ZM;Zambia;;MD_HUB_COUNTRYISOCODE;243
ZW;Zimbabwe;;MD_HUB_COUNTRYISOCODE;244
Yes;Yes;;MD_SUPPLIER_MASTER_SUPPLIER_PROMISE_NEEDED;0
No;No;;MD_SUPPLIER_MASTER_SUPPLIER_PROMISE_NEEDED;1
Yes;Yes;;MD_SUPPLIER_MASTER_SUPPLIER_HOLD_FLAG;0
No;No;;MD_SUPPLIER_MASTER_SUPPLIER_HOLD_FLAG;1
Active;Active;;MD_SUPPLIER_MASTER_SUPPLIER_STATUS;0
Hold;Hold;;MD_SUPPLIER_MASTER_SUPPLIER_STATUS;1
PKS;PKS -- Pick in Sequence;;GS1_HANDLINGINSTRUCTIONCODEREFERENCE;0
KFC;KFC -- Place the Flask in its Original Case After Use;;GS1_HANDLINGINSTRUCTIONCODEREFERENCE;0
RPB;RPB -- Poison;;GS1_HANDLINGINSTRUCTIONCODEREFERENCE;0
PG;PG -- Poisonous Gas;;GS1_HANDLINGINSTRUCTIONCODEREFERENCE;0
PI;PI -- Poisonous by Inhalation;;GS1_HANDLINGINSTRUCTIONCODEREFERENCE;0
MP;MP -- Potential Marine Pollutant;;GS1_HANDLINGINSTRUCTIONCODEREFERENCE;0
PFS;PFS -- Prepare for Shipment;;GS1_HANDLINGINSTRUCTIONCODEREFERENCE;0
ETH_P;ETH_P -- Produces Ethylene;;GS1_HANDLINGINSTRUCTIONCODEREFERENCE;0
PFH;PFH -- Protect From Heat;;GS1_HANDLINGINSTRUCTIONCODEREFERENCE;0
PCB;PCB -- Put the Cap Back on Carefully After Use;;GS1_HANDLINGINSTRUCTIONCODEREFERENCE;0
RCY;RCY -- Recyclable Packaging;;GS1_HANDLINGINSTRUCTIONCODEREFERENCE;0
MRF;MRF -- Refrigerated;;GS1_HANDLINGINSTRUCTIONCODEREFERENCE;0
12;12 -- Refrigeration NOT required;;GS1_HANDLINGINSTRUCTIONCODEREFERENCE;0
11;11 -- Refrigeration required;;GS1_HANDLINGINSTRUCTIONCODEREFERENCE;0
ZZZ;ZZZ -- Relative Humidity;;GS1_HANDLINGINSTRUCTIONCODEREFERENCE;0
RES;RES -- Reserve;;GS1_HANDLINGINSTRUCTIONCODEREFERENCE;0
SAN;SAN -- Sandwich Pallet Allowed;;GS1_HANDLINGINSTRUCTIONCODEREFERENCE;0
SLT;SLT -- Sensitive to Light;;GS1_HANDLINGINSTRUCTIONCODEREFERENCE;0
SER;SER -- Serial Number;;GS1_HANDLINGINSTRUCTIONCODEREFERENCE;0
SSN;SSN -- Smell Sensitive;;GS1_HANDLINGINSTRUCTIONCODEREFERENCE;0
STK;STK -- Stackable (EAN Code);;GS1_HANDLINGINSTRUCTIONCODEREFERENCE;0
3;3 -- Stacked;;GS1_HANDLINGINSTRUCTIONCODEREFERENCE;0
X1;X1 -- Stacked (EAN Code);;GS1_HANDLINGINSTRUCTIONCODEREFERENCE;0
STR;STR -- Stacking Restricted;;GS1_HANDLINGINSTRUCTIONCODEREFERENCE;0
SGU;SGU -- Storage General Use;;GS1_HANDLINGINSTRUCTIONCODEREFERENCE;0
SAC;SAC -- Store Away From Cold;;GS1_HANDLINGINSTRUCTIONCODEREFERENCE;0
SRT;SRT -- Store at Room Temperature;;GS1_HANDLINGINSTRUCTIONCODEREFERENCE;0
SOP;SOP -- Store in Original Packaging;;GS1_HANDLINGINSTRUCTIONCODEREFERENCE;0
2;2 -- Store in dry environment;;GS1_HANDLINGINSTRUCTIONCODEREFERENCE;0
SD;SD -- Store in dry environment (EAN Code);;GS1_HANDLINGINSTRUCTIONCODEREFERENCE;0
SID;SID -- Store in the Daylight;;GS1_HANDLINGINSTRUCTIONCODEREFERENCE;0
OSB;OSB -- Stow Below Deck;;GS1_HANDLINGINSTRUCTIONCODEREFERENCE;0
SW;SW -- Stretch Wrap;;GS1_HANDLINGINSTRUCTIONCODEREFERENCE;0
OTC;OTC -- Temperature Control;;GS1_HANDLINGINSTRUCTIONCODEREFERENCE;0
PRS;PRS -- The Solution Must be Prepared Immediately Before Use;;GS1_HANDLINGINSTRUCTIONCODEREFERENCE;0
LIQ;LIQ -- Trade Item Contains Liquid;;GS1_HANDLINGINSTRUCTIONCODEREFERENCE;0
SHP;SHP -- Trade Item Shippable Package;;GS1_HANDLINGINSTRUCTIONCODEREFERENCE;0
TRD;TRD -- Transit or Cross Docking Delivery;;GS1_HANDLINGINSTRUCTIONCODEREFERENCE;0
SNM;SNM -- Transmit a Ship Notice/Manifest Transaction Set;;GS1_HANDLINGINSTRUCTIONCODEREFERENCE;0
IC;IC -- Transport on Ice.;;GS1_HANDLINGINSTRUCTIONCODEREFERENCE;0
UI;UI -- Unitised;;GS1_HANDLINGINSTRUCTIONCODEREFERENCE;0
FRL;FRL -- Unloading Equipment - Forklift;;GS1_HANDLINGINSTRUCTIONCODEREFERENCE;0
UNP;UNP -- Unpack;;GS1_HANDLINGINSTRUCTIONCODEREFERENCE;0
UST;UST -- Unstackable;;GS1_HANDLINGINSTRUCTIONCODEREFERENCE;0
UPR;UPR -- Upright/standing;;GS1_HANDLINGINSTRUCTIONCODEREFERENCE;0
CLP;CLP -- Use Clamp Lift;;GS1_HANDLINGINSTRUCTIONCODEREFERENCE;0
UIS;UIS -- Use Only After Mixing With an Isotonic Solution;;GS1_HANDLINGINSTRUCTIONCODEREFERENCE;0
VAL;VAL -- Valuable Cargo;;GS1_HANDLINGINSTRUCTIONCODEREFERENCE;0
WNA;WNA -- Weapons Not Allowed;;GS1_HANDLINGINSTRUCTIONCODEREFERENCE;0
ETH_A;ETH_A -- Absorbs Ethylene;;GS1_HANDLINGINSTRUCTIONCODEREFERENCE;0
ODO_A;ODO_A -- Absorbs Odour;;GS1_HANDLINGINSTRUCTIONCODEREFERENCE;0
LBL;LBL -- Apply a GS1 Serial Shipping Container Label to the Shipping Containers;;GS1_HANDLINGINSTRUCTIONCODEREFERENCE;0
BAT;BAT -- Batch Number;;GS1_HANDLINGINSTRUCTIONCODEREFERENCE;0
CRU;CRU -- Crushable;;GS1_HANDLINGINSTRUCTIONCODEREFERENCE;0
CYT;CYT -- Cytotoxic Do Not Touch, Swallow or Breathe.;;GS1_HANDLINGINSTRUCTIONCODEREFERENCE;0
DAE;DAE -- Dangerous Article;;GS1_HANDLINGINSTRUCTIONCODEREFERENCE;0
DCE;DCE -- Delivery Via Distribution Centre;;GS1_HANDLINGINSTRUCTIONCODEREFERENCE;0
DES;DES -- Destroy;;GS1_HANDLINGINSTRUCTIONCODEREFERENCE;0
DDE;DDE -- Direct Delivery;;GS1_HANDLINGINSTRUCTIONCODEREFERENCE;0
DNC;DNC -- Do Not Close With Cork;;GS1_HANDLINGINSTRUCTIONCODEREFERENCE;0
DND;DND -- Do Not Drill or Burn Even After Use;;GS1_HANDLINGINSTRUCTIONCODEREFERENCE;0
DNO;DNO -- Do Not Fold;;GS1_HANDLINGINSTRUCTIONCODEREFERENCE;0
DNF;DNF -- Do Not Freeze;;GS1_HANDLINGINSTRUCTIONCODEREFERENCE;0
DNR;DNR -- Do Not Refreeze;;GS1_HANDLINGINSTRUCTIONCODEREFERENCE;0
DNS;DNS -- Do Not Shake;;GS1_HANDLINGINSTRUCTIONCODEREFERENCE;0
DSS;DSS -- Do Not Store With the Sachet Open;;GS1_HANDLINGINSTRUCTIONCODEREFERENCE;0
DEA;DEA -- Do Not Store in Air;;GS1_HANDLINGINSTRUCTIONCODEREFERENCE;0
DNU;DNU -- Do Not Use if the Solution is Cloudy;;GS1_HANDLINGINSTRUCTIONCODEREFERENCE;0
DNE;DNE -- Do not Re-sterilize;;GS1_HANDLINGINSTRUCTIONCODEREFERENCE;0
ETH_E;ETH_E -- Emits Ethylene;;GS1_HANDLINGINSTRUCTIONCODEREFERENCE;0
ODO_E;ODO_E -- Emits Odour;;GS1_HANDLINGINSTRUCTIONCODEREFERENCE;0
HM;HM -- Endorsed as Hazardous Material;;GS1_HANDLINGINSTRUCTIONCODEREFERENCE;0
EL;EL -- Environmental Control Limits;;GS1_HANDLINGINSTRUCTIONCODEREFERENCE;0
ETH_N;ETH_N -- Ethylene Neutral;;GS1_HANDLINGINSTRUCTIONCODEREFERENCE;0
ETH_S;ETH_S -- Ethylene Sensitive;;GS1_HANDLINGINSTRUCTIONCODEREFERENCE;0
FAC;FAC -- Factory package;;GS1_HANDLINGINSTRUCTIONCODEREFERENCE;0
FL;FL -- Flammable;;GS1_HANDLINGINSTRUCTIONCODEREFERENCE;0
RFG;RFG -- Flammable Compressed Gas;;GS1_HANDLINGINSTRUCTIONCODEREFERENCE;0
RFL;RFL -- Flammable Liquid;;GS1_HANDLINGINSTRUCTIONCODEREFERENCE;0
RFS;RFS -- Flammable Solid;;GS1_HANDLINGINSTRUCTIONCODEREFERENCE;0
EAT;EAT -- Foodstuffs;;GS1_HANDLINGINSTRUCTIONCODEREFERENCE;0
IU;IU -- For Immediate Use;;GS1_HANDLINGINSTRUCTIONCODEREFERENCE;0
FCC;FCC -- Freezing Under Certain Conditions;;GS1_HANDLINGINSTRUCTIONCODEREFERENCE;0
FTD;FTD -- Frost Danger;;GS1_HANDLINGINSTRUCTIONCODEREFERENCE;0
FRO;FRO -- Frozen Product;;GS1_HANDLINGINSTRUCTIONCODEREFERENCE;0
HWC;HWC -- Handle With Care;;GS1_HANDLINGINSTRUCTIONCODEREFERENCE;0
HGA;HGA -- Hanging Garment;;GS1_HANDLINGINSTRUCTIONCODEREFERENCE;0
HAZ_D;HAZ_D -- Hazardous during Disposal;;GS1_HANDLINGINSTRUCTIONCODEREFERENCE;0
HAZ_H;HAZ_H -- Hazardous during Handling;;GS1_HANDLINGINSTRUCTIONCODEREFERENCE;0
HAZ_S;HAZ_S -- Hazardous during Storage;;GS1_HANDLINGINSTRUCTIONCODEREFERENCE;0
HAZ_T;HAZ_T -- Hazardous during Transport;;GS1_HANDLINGINSTRUCTIONCODEREFERENCE;0
1;1 -- Heat sensitive;;GS1_HANDLINGINSTRUCTIONCODEREFERENCE;0
HEA;HEA -- Heavy Cargo 150 kg and Over Per Piece;;GS1_HANDLINGINSTRUCTIONCODEREFERENCE;0
CCC;CCC -- Keep the Container Carefully Closed;;GS1_HANDLINGINSTRUCTIONCODEREFERENCE;0
LAB;LAB -- Label;;GS1_HANDLINGINSTRUCTIONCODEREFERENCE;0
AVI;AVI -- Live Animal;;GS1_HANDLINGINSTRUCTIONCODEREFERENCE;0
LYG;LYG -- Lying;;GS1_HANDLINGINSTRUCTIONCODEREFERENCE;0
MOV;MOV -- Move;;GS1_HANDLINGINSTRUCTIONCODEREFERENCE;0
MF;MF -- Multiple Facings;;GS1_HANDLINGINSTRUCTIONCODEREFERENCE;0
NES;NES -- Nestable;;GS1_HANDLINGINSTRUCTIONCODEREFERENCE;0
NSD;NSD -- Nesting Depth;;GS1_HANDLINGINSTRUCTIONCODEREFERENCE;0
NSH;NSH -- Nesting Height;;GS1_HANDLINGINSTRUCTIONCODEREFERENCE;0
NSW;NSW -- Nesting Width;;GS1_HANDLINGINSTRUCTIONCODEREFERENCE;0
NWP;NWP -- Newspapers, magazines;;GS1_HANDLINGINSTRUCTIONCODEREFERENCE;0
ODO_N;ODO_N -- Odour Neutral;;GS1_HANDLINGINSTRUCTIONCODEREFERENCE;0
BIG;BIG -- Outsized;;GS1_HANDLINGINSTRUCTIONCODEREFERENCE;0
OHG;OHG -- Overhang item;;GS1_HANDLINGINSTRUCTIONCODEREFERENCE;0
PACE;PACE -- Pack;;GS1_HANDLINGINSTRUCTIONCODEREFERENCE;0
ENANO;ENANO -- Packaging Material Contains Engineered Nano Particles;;GS1_HANDLINGINSTRUCTIONCODEREFERENCE;0
PHR;PHR -- Per Hour Rate Applies;;GS1_HANDLINGINSTRUCTIONCODEREFERENCE;0
OPR;OPR -- Perishable;;GS1_HANDLINGINSTRUCTIONCODEREFERENCE;0
PER;PER -- Perishable Cargo;;GS1_HANDLINGINSTRUCTIONCODEREFERENCE;0
PSC;PSC -- Pest Controlling;;GS1_HANDLINGINSTRUCTIONCODEREFERENCE;0
PIC;PIC -- Pick;;GS1_HANDLINGINSTRUCTIONCODEREFERENCE;0
100225;Each of 1 [Multiple][UNKNOWN];;GFPVAN_ID;0
100481;Case of 3000 [Thai Nippon Rubber Industry Ltd.][NA];;GFPVAN_ID;0
100737;Case of 3000 [Unidus Corporation][NA];;GFPVAN_ID;0
100993;Case of 3000 [Unidus Corporation][NA];;GFPVAN_ID;0
101249;Case of 3000 [Unidus Corporation][NA];;GFPVAN_ID;0
100226;Each of 1 [Suretex Ltd.][UNKNOWN];;GFPVAN_ID;0
100482;Case of 3000 [Thai Nippon Rubber Industry Ltd.][NA];;GFPVAN_ID;0
100738;Each of 1 [Karex Berhad][NA];;GFPVAN_ID;0
100994;Each of 1 [Karex Berhad][NA];;GFPVAN_ID;0
101250;Each of 1 [Karex Berhad][NA];;GFPVAN_ID;0
100227;Each of 1 [Karex Berhad][NA];;GFPVAN_ID;0
100483;Case of 3000 [Thai Nippon Rubber Industry Ltd.][NA];;GFPVAN_ID;0
100739;Each of 1 [Karex Berhad][NA];;GFPVAN_ID;0
100995;Each of 1 [Karex Berhad][NA];;GFPVAN_ID;0
101251;Each of 1 [Thai Nippon Rubber Industry Ltd.][NA];;GFPVAN_ID;0
100228;Each of 1 [Thai Nippon Rubber Industry Ltd.][NA];;GFPVAN_ID;0
100484;Case of 3000 [Unidus Corporation][NA];;GFPVAN_ID;0
100740;Each of 1 [Qingdao Double Butterfly Group Ltd.][NA];;GFPVAN_ID;0
100996;Each of 1 [Qingdao Double Butterfly Group Ltd.][NA];;GFPVAN_ID;0
101252;Each of 1 [Unidus Corporation][NA];;GFPVAN_ID;0
100229;Each of 1 [Unidus Corporation][NA];;GFPVAN_ID;0
100485;Case of 4320 [Karex Berhad][NA];;GFPVAN_ID;0
100741;Each of 1 [Suretex Ltd.][NA];;GFPVAN_ID;0
100997;Each of 1 [Suretex Ltd.][NA];;GFPVAN_ID;0
101253;Case of 3000 [Karex Berhad][NA];;GFPVAN_ID;0
100230;Case of 3000 [Karex Berhad][NA];;GFPVAN_ID;0
100486;Case of 4320 [Karex Berhad][NA];;GFPVAN_ID;0
100742;Each of 1 [Thai Nippon Rubber Industry Ltd.][NA];;GFPVAN_ID;0
100998;Each of 1 [Thai Nippon Rubber Industry Ltd.][NA];;GFPVAN_ID;0
101254;Case of 3000 [Karex Berhad][NA];;GFPVAN_ID;0
100231;Case of 3000 [Karex Berhad][NA];;GFPVAN_ID;0
100487;Case of 4320 [Karex Berhad][NA];;GFPVAN_ID;0
100743;Each of 1 [Unidus Corporation][NA];;GFPVAN_ID;0
100999;Each of 1 [Unidus Corporation][NA];;GFPVAN_ID;0
101255;Case of 3000 [Karex Berhad][NA];;GFPVAN_ID;0
100232;Case of 3000 [Karex Berhad][NA];;GFPVAN_ID;0
100488;Case of 4320 [Suretex Ltd.][NA];;GFPVAN_ID;0
100744;Case of 3000 [Karex Berhad][NA];;GFPVAN_ID;0
101000;Case of 3000 [Karex Berhad][NA];;GFPVAN_ID;0
101256;Case of 3000 [Karex Berhad][NA];;GFPVAN_ID;0
100233;Case of 3000 [Karex Berhad][NA];;GFPVAN_ID;0
100489;Case of 4320 [Suretex Ltd.][NA];;GFPVAN_ID;0
100745;Case of 3000 [Karex Berhad][NA];;GFPVAN_ID;0
101001;Case of 3000 [Karex Berhad][NA];;GFPVAN_ID;0
101257;Case of 3000 [Karex Berhad][NA];;GFPVAN_ID;0
100234;Case of 3000 [Karex Berhad][NA];;GFPVAN_ID;0
100490;Case of 4320 [Thai Nippon Rubber Industry Ltd.][NA];;GFPVAN_ID;0
100746;Case of 3000 [Karex Berhad][NA];;GFPVAN_ID;0
101002;Case of 3000 [Karex Berhad][NA];;GFPVAN_ID;0
101258;Case of 3000 [Thai Nippon Rubber Industry Ltd.][NA];;GFPVAN_ID;0
100235;Case of 3000 [Thai Nippon Rubber Industry Ltd.][NA];;GFPVAN_ID;0
100491;Case of 4320 [Thai Nippon Rubber Industry Ltd.][NA];;GFPVAN_ID;0
100747;Case of 3000 [Karex Berhad][NA];;GFPVAN_ID;0
101003;Case of 3000 [Karex Berhad][NA];;GFPVAN_ID;0
101259;Case of 3000 [Thai Nippon Rubber Industry Ltd.][NA];;GFPVAN_ID;0
100236;Case of 3000 [Thai Nippon Rubber Industry Ltd.][NA];;GFPVAN_ID;0
100492;Case of 4320 [Karex Berhad][NA];;GFPVAN_ID;0
100748;Case of 3000 [Karex Berhad][NA];;GFPVAN_ID;0
101004;Case of 3000 [Karex Berhad][NA];;GFPVAN_ID;0
101260;Case of 3000 [Thai Nippon Rubber Industry Ltd.][NA];;GFPVAN_ID;0
100237;Case of 3000 [Thai Nippon Rubber Industry Ltd.][NA];;GFPVAN_ID;0
100493;Case of 4320 [Karex Berhad][NA];;GFPVAN_ID;0
100749;Case of 3000 [Qingdao Double Butterfly Group Ltd.][NA];;GFPVAN_ID;0
101005;Case of 3000 [Qingdao Double Butterfly Group Ltd.][NA];;GFPVAN_ID;0
101261;Case of 3000 [Unidus Corporation][NA];;GFPVAN_ID;0
100238;Case of 3000 [Unidus Corporation][NA];;GFPVAN_ID;0
100494;Case of 4320 [Karex Berhad][NA];;GFPVAN_ID;0
100750;Case of 3000 [Suretex Ltd.][NA];;GFPVAN_ID;0
101006;Case of 3000 [Qingdao Double Butterfly Group Ltd.][NA];;GFPVAN_ID;0
101262;Each of 1 [Karex Berhad][NA];;GFPVAN_ID;0
100239;Each of 1 [Karex Berhad][NA];;GFPVAN_ID;0
100495;Case of 4320 [Suretex Ltd.][NA];;GFPVAN_ID;0
100751;Case of 3000 [Suretex Ltd.][NA];;GFPVAN_ID;0
101007;Case of 3000 [Suretex Ltd.][NA];;GFPVAN_ID;0
101263;Each of 1 [Thai Nippon Rubber Industry Ltd.][NA];;GFPVAN_ID;0
100240;Each of 1 [Karex Berhad][NA];;GFPVAN_ID;0
100496;Case of 4320 [Suretex Ltd.][NA];;GFPVAN_ID;0
100752;Case of 3000 [Thai Nippon Rubber Industry Ltd.][NA];;GFPVAN_ID;0
101008;Case of 3000 [Suretex Ltd.][NA];;GFPVAN_ID;0
101264;Each of 1 [Unidus Corporation][NA];;GFPVAN_ID;0
100241;Each of 1 [Qingdao Double Butterfly Group Ltd.][NA];;GFPVAN_ID;0
100497;Case of 4320 [Thai Nippon Rubber Industry Ltd.][NA];;GFPVAN_ID;0
100753;Case of 3000 [Thai Nippon Rubber Industry Ltd.][NA];;GFPVAN_ID;0
101009;Case of 3000 [Thai Nippon Rubber Industry Ltd.][NA];;GFPVAN_ID;0
101265;Case of 3000 [Karex Berhad][NA];;GFPVAN_ID;0
100242;Each of 1 [Suretex Ltd.][NA];;GFPVAN_ID;0
100498;Case of 4320 [Thai Nippon Rubber Industry Ltd.][NA];;GFPVAN_ID;0
100754;Case of 3000 [Thai Nippon Rubber Industry Ltd.][NA];;GFPVAN_ID;0
101010;Case of 3000 [Thai Nippon Rubber Industry Ltd.][NA];;GFPVAN_ID;0
101266;Case of 3000 [Karex Berhad][NA];;GFPVAN_ID;0
100243;Each of 1 [Thai Nippon Rubber Industry Ltd.][NA];;GFPVAN_ID;0
100499;Each of 1 [Karex Berhad][NA];;GFPVAN_ID;0
100755;Case of 3000 [Unidus Corporation][NA];;GFPVAN_ID;0
101011;Case of 3000 [Thai Nippon Rubber Industry Ltd.][NA];;GFPVAN_ID;0
101267;Case of 3000 [Karex Berhad][NA];;GFPVAN_ID;0
100244;Each of 1 [Unidus Corporation][NA];;GFPVAN_ID;0
100500;Each of 1 [Thai Nippon Rubber Industry Ltd.][NA];;GFPVAN_ID;0
100756;Each of 1 [Karex Berhad][NA];;GFPVAN_ID;0
101012;Case of 3000 [Unidus Corporation][NA];;GFPVAN_ID;0
101268;Case of 3000 [Karex Berhad][NA];;GFPVAN_ID;0
100245;Case of 3000 [Karex Berhad][NA];;GFPVAN_ID;0
100501;Each of 1 [Unidus Corporation][NA];;GFPVAN_ID;0
100757;Each of 1 [Karex Berhad][NA];;GFPVAN_ID;0
101013;Case of 3000 [Thai Nippon Rubber Industry Ltd.][NA];;GFPVAN_ID;0
101269;Case of 3000 [Karex Berhad][NA];;GFPVAN_ID;0
100246;Case of 3000 [Karex Berhad][NA];;GFPVAN_ID;0
100502;Case of 3000 [Karex Berhad][NA];;GFPVAN_ID;0
100758;Each of 1 [Qingdao Double Butterfly Group Ltd.][NA];;GFPVAN_ID;0
101014;Case of 3000 [Thai Nippon Rubber Industry Ltd.][NA];;GFPVAN_ID;0
101270;Case of 3000 [Thai Nippon Rubber Industry Ltd.][NA];;GFPVAN_ID;0
100247;Case of 3000 [Karex Berhad][NA];;GFPVAN_ID;0
100503;Case of 3000 [Karex Berhad][NA];;GFPVAN_ID;0
100759;Each of 1 [Suretex Ltd.][NA];;GFPVAN_ID;0
101015;Each of 1 [Karex Berhad][NA];;GFPVAN_ID;0
101271;Case of 3000 [Thai Nippon Rubber Industry Ltd.][NA];;GFPVAN_ID;0
100248;Case of 3000 [Karex Berhad][NA];;GFPVAN_ID;0
100504;Case of 3000 [Karex Berhad][NA];;GFPVAN_ID;0
100760;Each of 1 [Thai Nippon Rubber Industry Ltd.][NA];;GFPVAN_ID;0
101016;Each of 1 [Karex Berhad][NA];;GFPVAN_ID;0
101272;Case of 3000 [Thai Nippon Rubber Industry Ltd.][NA];;GFPVAN_ID;0
100249;Case of 3000 [Karex Berhad][NA];;GFPVAN_ID;0
100505;Case of 3000 [Karex Berhad][NA];;GFPVAN_ID;0
100761;Each of 1 [Unidus Corporation][NA];;GFPVAN_ID;0
101017;Each of 1 [Qingdao Double Butterfly Group Ltd.][NA];;GFPVAN_ID;0
101273;Case of 3000 [Unidus Corporation][NA];;GFPVAN_ID;0
100250;Case of 3000 [Qingdao Double Butterfly Group Ltd.][NA];;GFPVAN_ID;0
100506;Case of 3000 [Karex Berhad][NA];;GFPVAN_ID;0
100762;Case of 3000 [Karex Berhad][NA];;GFPVAN_ID;0
101018;Each of 1 [Suretex Ltd.][NA];;GFPVAN_ID;0
101274;Each of 1 [Karex Berhad][NA];;GFPVAN_ID;0
100251;Case of 3000 [Suretex Ltd.][NA];;GFPVAN_ID;0
100507;Case of 3000 [Thai Nippon Rubber Industry Ltd.][NA];;GFPVAN_ID;0
100763;Case of 3000 [Karex Berhad][NA];;GFPVAN_ID;0
101019;Each of 1 [Thai Nippon Rubber Industry Ltd.][NA];;GFPVAN_ID;0
101275;Each of 1 [Thai Nippon Rubber Industry Ltd.][NA];;GFPVAN_ID;0
100252;Case of 3000 [Suretex Ltd.][NA];;GFPVAN_ID;0
100508;Case of 3000 [Thai Nippon Rubber Industry Ltd.][NA];;GFPVAN_ID;0
100764;Case of 3000 [Karex Berhad][NA];;GFPVAN_ID;0
101020;Each of 1 [Unidus Corporation][NA];;GFPVAN_ID;0
101276;Each of 1 [Unidus Corporation][NA];;GFPVAN_ID;0
100253;Case of 3000 [Thai Nippon Rubber Industry Ltd.][NA];;GFPVAN_ID;0
100509;Case of 3000 [Thai Nippon Rubber Industry Ltd.][NA];;GFPVAN_ID;0
100765;Case of 3000 [Karex Berhad][NA];;GFPVAN_ID;0
101021;Case of 3000 [Karex Berhad][NA];;GFPVAN_ID;0
101277;Case of 3000 [Karex Berhad][NA];;GFPVAN_ID;0
100254;Case of 3000 [Thai Nippon Rubber Industry Ltd.][NA];;GFPVAN_ID;0
100510;Case of 3000 [Unidus Corporation][NA];;GFPVAN_ID;0
100766;Case of 3000 [Karex Berhad][NA];;GFPVAN_ID;0
101022;Case of 3000 [Karex Berhad][NA];;GFPVAN_ID;0
101278;Case of 3000 [Karex Berhad][NA];;GFPVAN_ID;0
100255;Case of 3000 [Thai Nippon Rubber Industry Ltd.][NA];;GFPVAN_ID;0
100511;Each of 1 [Karex Berhad][NA];;GFPVAN_ID;0
100767;Case of 3000 [Qingdao Double Butterfly Group Ltd.][NA];;GFPVAN_ID;0
101023;Case of 3000 [Karex Berhad][NA];;GFPVAN_ID;0
101279;Case of 3000 [Karex Berhad][NA];;GFPVAN_ID;0
100256;Case of 3000 [Unidus Corporation][NA];;GFPVAN_ID;0
100512;Each of 1 [Karex Berhad][NA];;GFPVAN_ID;0
100768;Case of 3000 [Suretex Ltd.][NA];;GFPVAN_ID;0
101024;Case of 3000 [Karex Berhad][NA];;GFPVAN_ID;0
101280;Case of 3000 [Karex Berhad][NA];;GFPVAN_ID;0
100257;Each of 1 [Karex Berhad][NA];;GFPVAN_ID;0
100513;Each of 1 [Qingdao Double Butterfly Group Ltd.][NA];;GFPVAN_ID;0
100769;Case of 3000 [Suretex Ltd.][NA];;GFPVAN_ID;0
101025;Case of 3000 [Karex Berhad][NA];;GFPVAN_ID;0
101281;Case of 3000 [Karex Berhad][NA];;GFPVAN_ID;0
100258;Each of 1 [Thai Nippon Rubber Industry Ltd.][NA];;GFPVAN_ID;0
100514;Each of 1 [Suretex Ltd.][NA];;GFPVAN_ID;0
100770;Case of 3000 [Thai Nippon Rubber Industry Ltd.][NA];;GFPVAN_ID;0
101026;Case of 3000 [Qingdao Double Butterfly Group Ltd.][NA];;GFPVAN_ID;0
101282;Case of 3000 [Thai Nippon Rubber Industry Ltd.][NA];;GFPVAN_ID;0
100259;Each of 1 [Unidus Corporation][NA];;GFPVAN_ID;0
100515;Each of 1 [Thai Nippon Rubber Industry Ltd.][NA];;GFPVAN_ID;0
100771;Case of 3000 [Thai Nippon Rubber Industry Ltd.][NA];;GFPVAN_ID;0
101027;Case of 3000 [Suretex Ltd.][NA];;GFPVAN_ID;0
101283;Case of 3000 [Thai Nippon Rubber Industry Ltd.][NA];;GFPVAN_ID;0
100260;Case of 3000 [Karex Berhad][NA];;GFPVAN_ID;0
100516;Each of 1 [Unidus Corporation][NA];;GFPVAN_ID;0
100772;Case of 3000 [Thai Nippon Rubber Industry Ltd.][NA];;GFPVAN_ID;0
101028;Case of 3000 [Suretex Ltd.][NA];;GFPVAN_ID;0
101284;Case of 3000 [Thai Nippon Rubber Industry Ltd.][NA];;GFPVAN_ID;0
100261;Case of 3000 [Karex Berhad][NA];;GFPVAN_ID;0
100517;Case of 3000 [Karex Berhad][NA];;GFPVAN_ID;0
100773;Case of 3000 [Unidus Corporation][NA];;GFPVAN_ID;0
101029;Case of 3000 [Thai Nippon Rubber Industry Ltd.][NA];;GFPVAN_ID;0
101285;Case of 3000 [Unidus Corporation][NA];;GFPVAN_ID;0
100262;Case of 3000 [Karex Berhad][NA];;GFPVAN_ID;0
100518;Case of 3000 [Karex Berhad][NA];;GFPVAN_ID;0
100774;Each of 1 [Karex Berhad][NA];;GFPVAN_ID;0
101030;Case of 3000 [Thai Nippon Rubber Industry Ltd.][NA];;GFPVAN_ID;0
101287;Each of 1 [Indus Medicare Ltd.][UNKNOWN];;GFPVAN_ID;0
100263;Case of 3000 [Karex Berhad][NA];;GFPVAN_ID;0
100519;Case of 3000 [Karex Berhad][NA];;GFPVAN_ID;0
100775;Each of 1 [Thai Nippon Rubber Industry Ltd.][NA];;GFPVAN_ID;0
101031;Case of 3000 [Thai Nippon Rubber Industry Ltd.][NA];;GFPVAN_ID;0
101288;Each of 1 [Cupid Limited][UNKNOWN];;GFPVAN_ID;0
100264;Case of 3000 [Karex Berhad][NA];;GFPVAN_ID;0
100520;Case of 3000 [Karex Berhad][NA];;GFPVAN_ID;0
100776;Each of 1 [Unidus Corporation][NA];;GFPVAN_ID;0
101032;Case of 3000 [Unidus Corporation][NA];;GFPVAN_ID;0
101289;Each of 1 [Cupid Limited][UNKNOWN];;GFPVAN_ID;0
100265;Case of 3000 [Thai Nippon Rubber Industry Ltd.][NA];;GFPVAN_ID;0
100521;Case of 3000 [Karex Berhad][NA];;GFPVAN_ID;0
100777;Case of 3000 [Karex Berhad][NA];;GFPVAN_ID;0
101033;Each of 1 [Karex Berhad][NA];;GFPVAN_ID;0
101290;Each of 1 [Suretex Ltd.][UNKNOWN];;GFPVAN_ID;0
100266;Case of 3000 [Thai Nippon Rubber Industry Ltd.][NA];;GFPVAN_ID;0
100522;Case of 3000 [Qingdao Double Butterfly Group Ltd.][NA];;GFPVAN_ID;0
100778;Case of 3000 [Karex Berhad][NA];;GFPVAN_ID;0
101034;Each of 1 [Karex Berhad][NA];;GFPVAN_ID;0
101291;Each of 1 [Suretex Ltd.][UNKNOWN];;GFPVAN_ID;0
100267;Case of 3000 [Thai Nippon Rubber Industry Ltd.][NA];;GFPVAN_ID;0
100523;Case of 3000 [Suretex Ltd.][NA];;GFPVAN_ID;0
100779;Case of 3000 [Karex Berhad][NA];;GFPVAN_ID;0
101035;Each of 1 [Qingdao Double Butterfly Group Ltd.][NA];;GFPVAN_ID;0
101292;Each of 1 [Mylan Laboratories Limited][English];;GFPVAN_ID;0
100268;Case of 3000 [Unidus Corporation][NA];;GFPVAN_ID;0
100524;Case of 3000 [Suretex Ltd.][NA];;GFPVAN_ID;0
100780;Case of 3000 [Karex Berhad][NA];;GFPVAN_ID;0
101036;Each of 1 [Suretex Ltd.][NA];;GFPVAN_ID;0
101293;Case of 4320 [Thai Nippon Rubber Industry Ltd.][NA];;GFPVAN_ID;0
100269;Each of 1 [Karex Berhad][NA];;GFPVAN_ID;0
100525;Case of 3000 [Thai Nippon Rubber Industry Ltd.][NA];;GFPVAN_ID;0
100781;Case of 3000 [Karex Berhad][NA];;GFPVAN_ID;0
101037;Each of 1 [Thai Nippon Rubber Industry Ltd.][NA];;GFPVAN_ID;0
101294;Case of 3000 [Suretex Ltd.][NA];;GFPVAN_ID;0
100270;Each of 1 [Thai Nippon Rubber Industry Ltd.][NA];;GFPVAN_ID;0
100526;Case of 3000 [Thai Nippon Rubber Industry Ltd.][NA];;GFPVAN_ID;0
100782;Case of 3000 [Thai Nippon Rubber Industry Ltd.][NA];;GFPVAN_ID;0
101038;Each of 1 [Unidus Corporation][NA];;GFPVAN_ID;0
101295;Case of 3000 [Suretex Ltd.][NA];;GFPVAN_ID;0
100271;Each of 1 [Unidus Corporation][NA];;GFPVAN_ID;0
100527;Case of 3000 [Thai Nippon Rubber Industry Ltd.][NA];;GFPVAN_ID;0
100783;Case of 3000 [Thai Nippon Rubber Industry Ltd.][NA];;GFPVAN_ID;0
101039;Case of 3000 [Karex Berhad][NA];;GFPVAN_ID;0
101296;Case of 500 [DKT International][English_Portuguese];;GFPVAN_ID;0
100272;Case of 3000 [Karex Berhad][NA];;GFPVAN_ID;0
100528;Case of 3000 [Unidus Corporation][NA];;GFPVAN_ID;0
100784;Case of 3000 [Thai Nippon Rubber Industry Ltd.][NA];;GFPVAN_ID;0
101040;Case of 3000 [Karex Berhad][NA];;GFPVAN_ID;0
101297;Case of 2592 [Thai Nippon Rubber Industry Ltd.][NA];;GFPVAN_ID;0
100273;Case of 3000 [Thai Nippon Rubber Industry Ltd.][NA];;GFPVAN_ID;0
100529;Each of 1 [Karex Berhad][NA];;GFPVAN_ID;0
100785;Case of 3000 [Unidus Corporation][NA];;GFPVAN_ID;0
101041;Case of 3000 [Karex Berhad][NA];;GFPVAN_ID;0
101298;Case of 500 [DKT International][English_French];;GFPVAN_ID;0
100274;Case of 3000 [Thai Nippon Rubber Industry Ltd.][NA];;GFPVAN_ID;0
100530;Each of 1 [Karex Berhad][NA];;GFPVAN_ID;0
100786;Each of 1 [Karex Berhad][NA];;GFPVAN_ID;0
101042;Case of 3000 [Karex Berhad][NA];;GFPVAN_ID;0
100275;Case of 3000 [Thai Nippon Rubber Industry Ltd.][NA];;GFPVAN_ID;0
100531;Each of 1 [Qingdao Double Butterfly Group Ltd.][NA];;GFPVAN_ID;0
100787;Each of 1 [Thai Nippon Rubber Industry Ltd.][NA];;GFPVAN_ID;0
101043;Case of 3000 [Karex Berhad][NA];;GFPVAN_ID;0
100276;Case of 3000 [Unidus Corporation][NA];;GFPVAN_ID;0
100532;Each of 1 [Suretex Ltd.][NA];;GFPVAN_ID;0
100788;Each of 1 [Unidus Corporation][NA];;GFPVAN_ID;0
101044;Case of 3000 [Qingdao Double Butterfly Group Ltd.][NA];;GFPVAN_ID;0
100277;Each of 1 [Karex Berhad][NA];;GFPVAN_ID;0
100533;Each of 1 [Thai Nippon Rubber Industry Ltd.][NA];;GFPVAN_ID;0
100789;Case of 3000 [Karex Berhad][NA];;GFPVAN_ID;0
101045;Case of 3000 [Suretex Ltd.][NA];;GFPVAN_ID;0
100278;Each of 1 [Thai Nippon Rubber Industry Ltd.][NA];;GFPVAN_ID;0
100534;Each of 1 [Unidus Corporation][NA];;GFPVAN_ID;0
100790;Case of 3000 [Thai Nippon Rubber Industry Ltd.][NA];;GFPVAN_ID;0
101046;Case of 3000 [Suretex Ltd.][NA];;GFPVAN_ID;0
100279;Each of 1 [Unidus Corporation][NA];;GFPVAN_ID;0
100535;Case of 3000 [Karex Berhad][NA];;GFPVAN_ID;0
100791;Case of 3000 [Thai Nippon Rubber Industry Ltd.][NA];;GFPVAN_ID;0
101047;Case of 3000 [Thai Nippon Rubber Industry Ltd.][NA];;GFPVAN_ID;0
100280;Case of 3000 [Karex Berhad][NA];;GFPVAN_ID;0
100536;Case of 3000 [Karex Berhad][NA];;GFPVAN_ID;0
100792;Case of 3000 [Thai Nippon Rubber Industry Ltd.][NA];;GFPVAN_ID;0
101048;Case of 3000 [Thai Nippon Rubber Industry Ltd.][NA];;GFPVAN_ID;0
100281;Case of 3000 [Karex Berhad][NA];;GFPVAN_ID;0
100537;Case of 3000 [Karex Berhad][NA];;GFPVAN_ID;0
100793;Case of 3000 [Unidus Corporation][NA];;GFPVAN_ID;0
101049;Case of 3000 [Thai Nippon Rubber Industry Ltd.][NA];;GFPVAN_ID;0
100282;Case of 3000 [Karex Berhad][NA];;GFPVAN_ID;0
100538;Case of 3000 [Karex Berhad][NA];;GFPVAN_ID;0
100794;Each of 1 [Karex Berhad][NA];;GFPVAN_ID;0
101050;Case of 3000 [Unidus Corporation][NA];;GFPVAN_ID;0
100283;Case of 3000 [Karex Berhad][NA];;GFPVAN_ID;0
100539;Case of 3000 [Karex Berhad][NA];;GFPVAN_ID;0
100795;Each of 1 [Thai Nippon Rubber Industry Ltd.][NA];;GFPVAN_ID;0
101051;Each of 1 [Karex Berhad][NA];;GFPVAN_ID;0
100284;Case of 3000 [Karex Berhad][NA];;GFPVAN_ID;0
100540;Case of 3000 [Qingdao Double Butterfly Group Ltd.][NA];;GFPVAN_ID;0
100796;Each of 1 [Unidus Corporation][NA];;GFPVAN_ID;0
101052;Each of 1 [Thai Nippon Rubber Industry Ltd.][NA];;GFPVAN_ID;0
100285;Case of 3000 [Thai Nippon Rubber Industry Ltd.][NA];;GFPVAN_ID;0
100541;Case of 3000 [Suretex Ltd.][NA];;GFPVAN_ID;0
100797;Case of 3000 [Karex Berhad][NA];;GFPVAN_ID;0
101053;Each of 1 [Unidus Corporation][NA];;GFPVAN_ID;0
100286;Case of 3000 [Thai Nippon Rubber Industry Ltd.][NA];;GFPVAN_ID;0
100542;Case of 3000 [Suretex Ltd.][NA];;GFPVAN_ID;0
100798;Case of 3000 [Thai Nippon Rubber Industry Ltd.][NA];;GFPVAN_ID;0
101054;Case of 3000 [Karex Berhad][NA];;GFPVAN_ID;0
100287;Case of 3000 [Thai Nippon Rubber Industry Ltd.][NA];;GFPVAN_ID;0
100543;Case of 3000 [Thai Nippon Rubber Industry Ltd.][NA];;GFPVAN_ID;0
100799;Case of 3000 [Thai Nippon Rubber Industry Ltd.][NA];;GFPVAN_ID;0
101055;Case of 3000 [Karex Berhad][NA];;GFPVAN_ID;0
100288;Case of 3000 [Unidus Corporation][NA];;GFPVAN_ID;0
100544;Case of 3000 [Thai Nippon Rubber Industry Ltd.][NA];;GFPVAN_ID;0
100800;Case of 3000 [Thai Nippon Rubber Industry Ltd.][NA];;GFPVAN_ID;0
101056;Case of 3000 [Karex Berhad][NA];;GFPVAN_ID;0
100289;Each of 1 [Karex Berhad][NA];;GFPVAN_ID;0
100545;Case of 3000 [Thai Nippon Rubber Industry Ltd.][NA];;GFPVAN_ID;0
100801;Case of 3000 [Unidus Corporation][NA];;GFPVAN_ID;0
101057;Case of 3000 [Karex Berhad][NA];;GFPVAN_ID;0
100290;Each of 1 [Karex Berhad][NA];;GFPVAN_ID;0
100546;Case of 3000 [Unidus Corporation][NA];;GFPVAN_ID;0
100802;Each of 1 [Karex Berhad][NA];;GFPVAN_ID;0
101058;Case of 3000 [Karex Berhad][NA];;GFPVAN_ID;0
100291;Each of 1 [Qingdao Double Butterfly Group Ltd.][NA];;GFPVAN_ID;0
100547;Case of 3000 [Thai Nippon Rubber Industry Ltd.][NA];;GFPVAN_ID;0
100803;Each of 1 [Karex Berhad][NA];;GFPVAN_ID;0
101059;Case of 3000 [Thai Nippon Rubber Industry Ltd.][NA];;GFPVAN_ID;0
100292;Each of 1 [Suretex Ltd.][NA];;GFPVAN_ID;0
100548;Case of 3000 [Thai Nippon Rubber Industry Ltd.][NA];;GFPVAN_ID;0
100804;Each of 1 [Qingdao Double Butterfly Group Ltd.][NA];;GFPVAN_ID;0
101060;Case of 3000 [Thai Nippon Rubber Industry Ltd.][NA];;GFPVAN_ID;0
100293;Each of 1 [Thai Nippon Rubber Industry Ltd.][NA];;GFPVAN_ID;0
100549;Each of 1 [Karex Berhad][NA];;GFPVAN_ID;0
100805;Each of 1 [Suretex Ltd.][NA];;GFPVAN_ID;0
101061;Case of 3000 [Thai Nippon Rubber Industry Ltd.][NA];;GFPVAN_ID;0
100294;Each of 1 [Unidus Corporation][NA];;GFPVAN_ID;0
100550;Each of 1 [Karex Berhad][NA];;GFPVAN_ID;0
100806;Each of 1 [Thai Nippon Rubber Industry Ltd.][NA];;GFPVAN_ID;0
101062;Case of 3000 [Unidus Corporation][NA];;GFPVAN_ID;0
100295;Case of 3000 [Karex Berhad][NA];;GFPVAN_ID;0
100551;Each of 1 [Qingdao Double Butterfly Group Ltd.][NA];;GFPVAN_ID;0
100807;Each of 1 [Unidus Corporation][NA];;GFPVAN_ID;0
101063;Each of 1 [Karex Berhad][NA];;GFPVAN_ID;0
100296;Case of 3000 [Karex Berhad][NA];;GFPVAN_ID;0
100552;Each of 1 [Suretex Ltd.][NA];;GFPVAN_ID;0
100808;Case of 3000 [Karex Berhad][NA];;GFPVAN_ID;0
101064;Each of 1 [Thai Nippon Rubber Industry Ltd.][NA];;GFPVAN_ID;0
100297;Case of 3000 [Karex Berhad][NA];;GFPVAN_ID;0
100553;Each of 1 [Thai Nippon Rubber Industry Ltd.][NA];;GFPVAN_ID;0
100809;Case of 3000 [Karex Berhad][NA];;GFPVAN_ID;0
101065;Each of 1 [Unidus Corporation][NA];;GFPVAN_ID;0
100298;Case of 3000 [Karex Berhad][NA];;GFPVAN_ID;0
100554;Each of 1 [Unidus Corporation][NA];;GFPVAN_ID;0
100810;Case of 3000 [Karex Berhad][NA];;GFPVAN_ID;0
101066;Case of 3000 [Karex Berhad][NA];;GFPVAN_ID;0
100299;Case of 3000 [Karex Berhad][NA];;GFPVAN_ID;0
100555;Case of 3000 [Karex Berhad][NA];;GFPVAN_ID;0
100811;Case of 3000 [Karex Berhad][NA];;GFPVAN_ID;0
101067;Case of 3000 [Karex Berhad][NA];;GFPVAN_ID;0
100300;Case of 3000 [Qingdao Double Butterfly Group Ltd.][NA];;GFPVAN_ID;0
100556;Case of 3000 [Karex Berhad][NA];;GFPVAN_ID;0
100812;Case of 3000 [Karex Berhad][NA];;GFPVAN_ID;0
101068;Case of 3000 [Karex Berhad][NA];;GFPVAN_ID;0
100301;Case of 3000 [Suretex Ltd.][NA];;GFPVAN_ID;0
100557;Case of 3000 [Karex Berhad][NA];;GFPVAN_ID;0
100813;Case of 3000 [Qingdao Double Butterfly Group Ltd.][NA];;GFPVAN_ID;0
101069;Case of 3000 [Karex Berhad][NA];;GFPVAN_ID;0
100302;Case of 3000 [Suretex Ltd.][NA];;GFPVAN_ID;0
100558;Case of 3000 [Karex Berhad][NA];;GFPVAN_ID;0
100814;Case of 3000 [Suretex Ltd.][NA];;GFPVAN_ID;0
101070;Case of 3000 [Karex Berhad][NA];;GFPVAN_ID;0
100303;Case of 3000 [Thai Nippon Rubber Industry Ltd.][NA];;GFPVAN_ID;0
100559;Case of 3000 [Karex Berhad][NA];;GFPVAN_ID;0
100815;Case of 3000 [Suretex Ltd.][NA];;GFPVAN_ID;0
101071;Case of 3000 [Thai Nippon Rubber Industry Ltd.][NA];;GFPVAN_ID;0
100304;Case of 3000 [Thai Nippon Rubber Industry Ltd.][NA];;GFPVAN_ID;0
100560;Case of 3000 [Qingdao Double Butterfly Group Ltd.][NA];;GFPVAN_ID;0
100816;Case of 3000 [Thai Nippon Rubber Industry Ltd.][NA];;GFPVAN_ID;0
101072;Case of 3000 [Thai Nippon Rubber Industry Ltd.][NA];;GFPVAN_ID;0
100305;Case of 3000 [Thai Nippon Rubber Industry Ltd.][NA];;GFPVAN_ID;0
100561;Case of 3000 [Suretex Ltd.][NA];;GFPVAN_ID;0
100817;Case of 3000 [Thai Nippon Rubber Industry Ltd.][NA];;GFPVAN_ID;0
101073;Case of 3000 [Thai Nippon Rubber Industry Ltd.][NA];;GFPVAN_ID;0
100306;Case of 3000 [Unidus Corporation][NA];;GFPVAN_ID;0
100562;Case of 3000 [Suretex Ltd.][NA];;GFPVAN_ID;0
100818;Case of 3000 [Thai Nippon Rubber Industry Ltd.][NA];;GFPVAN_ID;0
101074;Case of 3000 [Unidus Corporation][NA];;GFPVAN_ID;0
100307;Each of 3000 [Karex Berhad][NA];;GFPVAN_ID;0
100563;Case of 3000 [Thai Nippon Rubber Industry Ltd.][NA];;GFPVAN_ID;0
100819;Case of 3000 [Unidus Corporation][NA];;GFPVAN_ID;0
101075;Each of 1 [Karex Berhad][NA];;GFPVAN_ID;0
100308;Each of 1 [Karex Berhad][NA];;GFPVAN_ID;0
100564;Case of 3000 [Thai Nippon Rubber Industry Ltd.][NA];;GFPVAN_ID;0
100820;Each of 1 [Karex Berhad][NA];;GFPVAN_ID;0
101076;Each of 1 [Karex Berhad][NA];;GFPVAN_ID;0
100309;Each of 1 [Qingdao Double Butterfly Group Ltd.][NA];;GFPVAN_ID;0
100565;Case of 3000 [Thai Nippon Rubber Industry Ltd.][NA];;GFPVAN_ID;0
100821;Each of 1 [Karex Berhad][NA];;GFPVAN_ID;0
101077;Each of 1 [Qingdao Double Butterfly Group Ltd.][NA];;GFPVAN_ID;0
100310;Each of 1 [Suretex Ltd.][NA];;GFPVAN_ID;0
100566;Case of 3000 [Unidus Corporation][NA];;GFPVAN_ID;0
100822;Each of 1 [Qingdao Double Butterfly Group Ltd.][NA];;GFPVAN_ID;0
101078;Each of 1 [Suretex Ltd.][NA];;GFPVAN_ID;0
100311;Each of 1 [Thai Nippon Rubber Industry Ltd.][NA];;GFPVAN_ID;0
100567;Each of 1 [Karex Berhad][NA];;GFPVAN_ID;0
100823;Each of 1 [Suretex Ltd.][NA];;GFPVAN_ID;0
101079;Each of 1 [Thai Nippon Rubber Industry Ltd.][NA];;GFPVAN_ID;0
100312;Each of 1 [Unidus Corporation][NA];;GFPVAN_ID;0
100568;Each of 1 [Karex Berhad][NA];;GFPVAN_ID;0
100824;Each of 1 [Thai Nippon Rubber Industry Ltd.][NA];;GFPVAN_ID;0
101080;Each of 1 [Unidus Corporation][NA];;GFPVAN_ID;0
100313;Case of 3000 [Karex Berhad][NA];;GFPVAN_ID;0
100569;Each of 1 [Qingdao Double Butterfly Group Ltd.][NA];;GFPVAN_ID;0
100825;Each of 1 [Unidus Corporation][NA];;GFPVAN_ID;0
101081;Case of 3000 [Karex Berhad][NA];;GFPVAN_ID;0
100314;Case of 3000 [Karex Berhad][NA];;GFPVAN_ID;0
100570;Each of 1 [Suretex Ltd.][NA];;GFPVAN_ID;0
100826;Case of 3000 [Karex Berhad][NA];;GFPVAN_ID;0
101082;Case of 3000 [Karex Berhad][NA];;GFPVAN_ID;0
100315;Case of 3000 [Karex Berhad][NA];;GFPVAN_ID;0
100571;Each of 1 [Thai Nippon Rubber Industry Ltd.][NA];;GFPVAN_ID;0
100827;Case of 3000 [Karex Berhad][NA];;GFPVAN_ID;0
101083;Case of 3000 [Karex Berhad][NA];;GFPVAN_ID;0
100316;Case of 3000 [Karex Berhad][NA];;GFPVAN_ID;0
100572;Each of 1 [Unidus Corporation][NA];;GFPVAN_ID;0
100828;Case of 3000 [Karex Berhad][NA];;GFPVAN_ID;0
101084;Case of 3000 [Karex Berhad][NA];;GFPVAN_ID;0
100317;Case of 3000 [Karex Berhad][NA];;GFPVAN_ID;0
100573;Case of 3000 [Karex Berhad][NA];;GFPVAN_ID;0
100829;Case of 3000 [Karex Berhad][NA];;GFPVAN_ID;0
101085;Case of 3000 [Karex Berhad][NA];;GFPVAN_ID;0
100318;Case of 3000 [Qingdao Double Butterfly Group Ltd.][NA];;GFPVAN_ID;0
100574;Case of 3000 [Karex Berhad][NA];;GFPVAN_ID;0
100830;Case of 3000 [Karex Berhad][NA];;GFPVAN_ID;0
101086;Case of 3000 [Qingdao Double Butterfly Group Ltd.][NA];;GFPVAN_ID;0
100319;Case of 3000 [Suretex Ltd.][NA];;GFPVAN_ID;0
100575;Case of 3000 [Karex Berhad][NA];;GFPVAN_ID;0
100831;Case of 3000 [Qingdao Double Butterfly Group Ltd.][NA];;GFPVAN_ID;0
101087;Case of 3000 [Suretex Ltd.][NA];;GFPVAN_ID;0
100320;Case of 3000 [Suretex Ltd.][NA];;GFPVAN_ID;0
100576;Case of 3000 [Karex Berhad][NA];;GFPVAN_ID;0
100832;Case of 3000 [Suretex Ltd.][NA];;GFPVAN_ID;0
101088;Case of 3000 [Suretex Ltd.][NA];;GFPVAN_ID;0
100321;Case of 3000 [Thai Nippon Rubber Industry Ltd.][NA];;GFPVAN_ID;0
100577;Case of 3000 [Karex Berhad][NA];;GFPVAN_ID;0
100833;Case of 3000 [Suretex Ltd.][NA];;GFPVAN_ID;0
101089;Case of 3000 [Thai Nippon Rubber Industry Ltd.][NA];;GFPVAN_ID;0
100322;Case of 3000 [Thai Nippon Rubber Industry Ltd.][NA];;GFPVAN_ID;0
100578;Case of 3000 [Qingdao Double Butterfly Group Ltd.][NA];;GFPVAN_ID;0
100834;Case of 3000 [Thai Nippon Rubber Industry Ltd.][NA];;GFPVAN_ID;0
101090;Case of 3000 [Thai Nippon Rubber Industry Ltd.][NA];;GFPVAN_ID;0
100323;Case of 3000 [Thai Nippon Rubber Industry Ltd.][NA];;GFPVAN_ID;0
100579;Case of 3000 [Suretex Ltd.][NA];;GFPVAN_ID;0
100835;Case of 3000 [Thai Nippon Rubber Industry Ltd.][NA];;GFPVAN_ID;0
101091;Case of 3000 [Thai Nippon Rubber Industry Ltd.][NA];;GFPVAN_ID;0
100324;Case of 3000 [Unidus Corporation][NA];;GFPVAN_ID;0
100580;Case of 3000 [Suretex Ltd.][NA];;GFPVAN_ID;0
100836;Case of 3000 [Thai Nippon Rubber Industry Ltd.][NA];;GFPVAN_ID;0
101092;Case of 3000 [Unidus Corporation][NA];;GFPVAN_ID;0
100325;Each of 1 [Karex Berhad][NA];;GFPVAN_ID;0
100581;Case of 3000 [Thai Nippon Rubber Industry Ltd.][NA];;GFPVAN_ID;0
100837;Case of 3000 [Unidus Corporation][NA];;GFPVAN_ID;0
101093;Each of 1 [Karex Berhad][NA];;GFPVAN_ID;0
100326;Each of 1 [Karex Berhad][NA];;GFPVAN_ID;0
100582;Case of 3000 [Thai Nippon Rubber Industry Ltd.][NA];;GFPVAN_ID;0
100838;Each of 1 [Karex Berhad][NA];;GFPVAN_ID;0
101094;Each of 1 [Karex Berhad][NA];;GFPVAN_ID;0
100327;Each of 1 [Qingdao Double Butterfly Group Ltd.][NA];;GFPVAN_ID;0
100583;Case of 3000 [Thai Nippon Rubber Industry Ltd.][NA];;GFPVAN_ID;0
100839;Each of 1 [Thai Nippon Rubber Industry Ltd.][NA];;GFPVAN_ID;0
101095;Each of 1 [Qingdao Double Butterfly Group Ltd.][NA];;GFPVAN_ID;0
100328;Each of 1 [Suretex Ltd.][NA];;GFPVAN_ID;0
100584;Case of 3000 [Unidus Corporation][NA];;GFPVAN_ID;0
100840;Each of 1 [Unidus Corporation][NA];;GFPVAN_ID;0
101096;Each of 1 [Suretex Ltd.][NA];;GFPVAN_ID;0
100329;Each of 1 [Thai Nippon Rubber Industry Ltd.][NA];;GFPVAN_ID;0
100585;Case of 3000 [Karex Berhad][NA];;GFPVAN_ID;0
100841;Case of 3000 [Karex Berhad][NA];;GFPVAN_ID;0
101097;Each of 1 [Thai Nippon Rubber Industry Ltd.][NA];;GFPVAN_ID;0
100330;Each of 1 [Unidus Corporation][NA];;GFPVAN_ID;0
100586;Case of 3000 [Suretex Ltd.][NA];;GFPVAN_ID;0
100842;Case of 3000 [Karex Berhad][NA];;GFPVAN_ID;0
101098;Each of 1 [Unidus Corporation][NA];;GFPVAN_ID;0
100331;Case of 3000 [Karex Berhad][NA];;GFPVAN_ID;0
100587;Case of 3000 [Suretex Ltd.][NA];;GFPVAN_ID;0
100843;Case of 3000 [Karex Berhad][NA];;GFPVAN_ID;0
101099;Case of 3000 [Karex Berhad][NA];;GFPVAN_ID;0
100332;Case of 3000 [Karex Berhad][NA];;GFPVAN_ID;0
100588;Case of 3000 [Thai Nippon Rubber Industry Ltd.][NA];;GFPVAN_ID;0
100844;Case of 3000 [Karex Berhad][NA];;GFPVAN_ID;0
101100;Case of 3000 [Karex Berhad][NA];;GFPVAN_ID;0
100333;Case of 3000 [Karex Berhad][NA];;GFPVAN_ID;0
100589;Case of 3000 [Thai Nippon Rubber Industry Ltd.][NA];;GFPVAN_ID;0
100845;Case of 3000 [Karex Berhad][NA];;GFPVAN_ID;0
101101;Case of 3000 [Karex Berhad][NA];;GFPVAN_ID;0
100334;Case of 3000 [Karex Berhad][NA];;GFPVAN_ID;0
100590;Case of 3000 [Thai Nippon Rubber Industry Ltd.][NA];;GFPVAN_ID;0
100846;Case of 3000 [Thai Nippon Rubber Industry Ltd.][NA];;GFPVAN_ID;0
101102;Case of 3000 [Qingdao Double Butterfly Group Ltd.][NA];;GFPVAN_ID;0
100335;Case of 3000 [Karex Berhad][NA];;GFPVAN_ID;0
100591;Case of 3000 [Unidus Corporation][NA];;GFPVAN_ID;0
100847;Case of 3000 [Thai Nippon Rubber Industry Ltd.][NA];;GFPVAN_ID;0
101103;Case of 3000 [Suretex Ltd.][NA];;GFPVAN_ID;0
100336;Case of 3000 [Qingdao Double Butterfly Group Ltd.][NA];;GFPVAN_ID;0
100592;Case of 3000 [Karex Berhad][NA];;GFPVAN_ID;0
100848;Case of 3000 [Thai Nippon Rubber Industry Ltd.][NA];;GFPVAN_ID;0
101104;Case of 3000 [Thai Nippon Rubber Industry Ltd.][NA];;GFPVAN_ID;0
100337;Case of 3000 [Suretex Ltd.][NA];;GFPVAN_ID;0
100593;Case of 3000 [Karex Berhad][NA];;GFPVAN_ID;0
100849;Case of 3000 [Unidus Corporation][NA];;GFPVAN_ID;0
101105;Case of 3000 [Unidus Corporation][NA];;GFPVAN_ID;0
100338;Case of 3000 [Suretex Ltd.][NA];;GFPVAN_ID;0
100594;Case of 3000 [Karex Berhad][NA];;GFPVAN_ID;0
100850;Each of 1 [Karex Berhad][NA];;GFPVAN_ID;0
101106;Case of 3000 [Karex Berhad][NA];;GFPVAN_ID;0
100339;Case of 3000 [Thai Nippon Rubber Industry Ltd.][NA];;GFPVAN_ID;0
100595;Case of 3000 [Karex Berhad][NA];;GFPVAN_ID;0
100851;Each of 1 [Karex Berhad][NA];;GFPVAN_ID;0
101107;Case of 3000 [Karex Berhad][NA];;GFPVAN_ID;0
100340;Case of 3000 [Thai Nippon Rubber Industry Ltd.][NA];;GFPVAN_ID;0
100596;Case of 3000 [Karex Berhad][NA];;GFPVAN_ID;0
100852;Each of 1 [Qingdao Double Butterfly Group Ltd.][NA];;GFPVAN_ID;0
101108;Case of 3000 [Suretex Ltd.][NA];;GFPVAN_ID;0
100341;Case of 3000 [Thai Nippon Rubber Industry Ltd.][NA];;GFPVAN_ID;0
100597;Case of 3000 [Suretex Ltd.][NA];;GFPVAN_ID;0
100853;Each of 1 [Suretex Ltd.][NA];;GFPVAN_ID;0
101109;Case of 3000 [Thai Nippon Rubber Industry Ltd.][NA];;GFPVAN_ID;0
100342;Case of 3000 [Unidus Corporation][NA];;GFPVAN_ID;0
100598;Case of 3000 [Suretex Ltd.][NA];;GFPVAN_ID;0
100854;Each of 1 [Thai Nippon Rubber Industry Ltd.][NA];;GFPVAN_ID;0
101110;Case of 3000 [Thai Nippon Rubber Industry Ltd.][NA];;GFPVAN_ID;0
100343;Case of 240 [DKT International][English_Amharic];;GFPVAN_ID;0
100599;Case of 3000 [Thai Nippon Rubber Industry Ltd.][NA];;GFPVAN_ID;0
100855;Each of 1 [Unidus Corporation][NA];;GFPVAN_ID;0
101111;Each of 1 [Karex Berhad][NA];;GFPVAN_ID;0
100344;Case of 3000 [Suretex Ltd.][NA];;GFPVAN_ID;0
100600;Case of 3000 [Thai Nippon Rubber Industry Ltd.][NA];;GFPVAN_ID;0
100856;Case of 3000 [Karex Berhad][NA];;GFPVAN_ID;0
101112;Each of 1 [Thai Nippon Rubber Industry Ltd.][NA];;GFPVAN_ID;0
100345;Case of 3000 [Suretex Ltd.][NA];;GFPVAN_ID;0
100601;Case of 3000 [Thai Nippon Rubber Industry Ltd.][NA];;GFPVAN_ID;0
100857;Case of 3000 [Karex Berhad][NA];;GFPVAN_ID;0
101113;Each of 1 [Unidus Corporation][NA];;GFPVAN_ID;0
100346;Case of 3000 [Thai Nippon Rubber Industry Ltd.][NA];;GFPVAN_ID;0
100602;Case of 3000 [Unidus Corporation][NA];;GFPVAN_ID;0
100858;Case of 3000 [Karex Berhad][NA];;GFPVAN_ID;0
101114;Case of 3000 [Karex Berhad][NA];;GFPVAN_ID;0
100347;Case of 3000 [Karex Berhad][NA];;GFPVAN_ID;0
100603;Case of 3000 [Karex Berhad][NA];;GFPVAN_ID;0
100859;Case of 3000 [Karex Berhad][NA];;GFPVAN_ID;0
101115;Case of 3000 [Thai Nippon Rubber Industry Ltd.][NA];;GFPVAN_ID;0
100348;Case of 3000 [Karex Berhad][NA];;GFPVAN_ID;0
100604;Case of 3000 [Karex Berhad][NA];;GFPVAN_ID;0
100860;Case of 3000 [Karex Berhad][NA];;GFPVAN_ID;0
101116;Case of 3000 [Unidus Corporation][NA];;GFPVAN_ID;0
100349;Case of 3000 [Karex Berhad][NA];;GFPVAN_ID;0
100605;Case of 3000 [Karex Berhad][NA];;GFPVAN_ID;0
100861;Case of 3000 [Qingdao Double Butterfly Group Ltd.][NA];;GFPVAN_ID;0
101117;Case of 3000 [Karex Berhad][NA];;GFPVAN_ID;0
100001;Each of 1 [Cycle Technologies][NA];;GFPVAN_ID;0
100350;Case of 3000 [Karex Berhad][NA];;GFPVAN_ID;0
100606;Case of 3000 [Karex Berhad][NA];;GFPVAN_ID;0
100862;Case of 3000 [Suretex Ltd.][NA];;GFPVAN_ID;0
101118;Case of 3000 [Karex Berhad][NA];;GFPVAN_ID;0
100002;Each of 1 [MSD][English_Africa];;GFPVAN_ID;0
100351;Case of 3000 [Qingdao Double Butterfly Group Ltd.][NA];;GFPVAN_ID;0
100607;Case of 3000 [Karex Berhad][NA];;GFPVAN_ID;0
100863;Case of 3000 [Suretex Ltd.][NA];;GFPVAN_ID;0
101119;Case of 3000 [Karex Berhad][NA];;GFPVAN_ID;0
100003;Each of 1 [MSD][English_Neutral];;GFPVAN_ID;0
100352;Case of 3000 [Suretex Ltd.][NA];;GFPVAN_ID;0
100608;Case of 3000 [Suretex Ltd.][NA];;GFPVAN_ID;0
100864;Case of 3000 [Thai Nippon Rubber Industry Ltd.][NA];;GFPVAN_ID;0
101120;Case of 3000 [Karex Berhad][NA];;GFPVAN_ID;0
100004;Each of 1 [MSD][French_Africa];;GFPVAN_ID;0
100353;Case of 3000 [Suretex Ltd.][NA];;GFPVAN_ID;0
100609;Case of 3000 [Suretex Ltd.][NA];;GFPVAN_ID;0
100865;Case of 3000 [Thai Nippon Rubber Industry Ltd.][NA];;GFPVAN_ID;0
101121;Case of 3000 [Karex Berhad][NA];;GFPVAN_ID;0
100005;Each of 1 [MSD][Portuguese];;GFPVAN_ID;0
100354;Case of 3000 [Thai Nippon Rubber Industry Ltd.][NA];;GFPVAN_ID;0
100610;Case of 3000 [Thai Nippon Rubber Industry Ltd.][NA];;GFPVAN_ID;0
100866;Case of 3000 [Thai Nippon Rubber Industry Ltd.][NA];;GFPVAN_ID;0
101122;Case of 3000 [Thai Nippon Rubber Industry Ltd.][NA];;GFPVAN_ID;0
100006;Each of 1 [MSD][English_Spanish];;GFPVAN_ID;0
100355;Case of 3000 [Thai Nippon Rubber Industry Ltd.][NA];;GFPVAN_ID;0
100611;Case of 3000 [Thai Nippon Rubber Industry Ltd.][NA];;GFPVAN_ID;0
100867;Case of 3000 [Unidus Corporation][NA];;GFPVAN_ID;0
101123;Case of 3000 [Thai Nippon Rubber Industry Ltd.][NA];;GFPVAN_ID;0
100008;Each of 1 [MSD][UNKNOWN];;GFPVAN_ID;0
100356;Case of 3000 [Unidus Corporation][NA];;GFPVAN_ID;0
100612;Case of 3000 [Thai Nippon Rubber Industry Ltd.][NA];;GFPVAN_ID;0
100868;Each of 1 [Karex Berhad][NA];;GFPVAN_ID;0
101124;Case of 3000 [Thai Nippon Rubber Industry Ltd.][NA];;GFPVAN_ID;0
100009;Each of 1 [Multiple][UNKNOWN];;GFPVAN_ID;0
100357;Each of 1 [Karex Berhad][NA];;GFPVAN_ID;0
100613;Case of 3000 [Unidus Corporation][NA];;GFPVAN_ID;0
100869;Each of 1 [Thai Nippon Rubber Industry Ltd.][NA];;GFPVAN_ID;0
101125;Case of 3000 [Unidus Corporation][NA];;GFPVAN_ID;0
100010;Each of 1 [Bayer AG][Zimbabwe_Nigeria];;GFPVAN_ID;0
100358;Each of 1 [Karex Berhad][NA];;GFPVAN_ID;0
100614;Each of 1 [Karex Berhad][NA];;GFPVAN_ID;0
100870;Each of 1 [Unidus Corporation][NA];;GFPVAN_ID;0
101126;Each of 1 [Karex Berhad][NA];;GFPVAN_ID;0
100011;Each of 1 [Bayer AG][UNKNOWN];;GFPVAN_ID;0
100359;Each of 1 [Qingdao Double Butterfly Group Ltd.][NA];;GFPVAN_ID;0
100615;100615;;GFPVAN_ID;0
100871;Case of 3000 [Karex Berhad][NA];;GFPVAN_ID;0
101127;Each of 1 [Thai Nippon Rubber Industry Ltd.][NA];;GFPVAN_ID;0
100012;Each of 1 [Bayer AG][UNKNOWN];;GFPVAN_ID;0
100360;Each of 1 [Suretex Ltd.][NA];;GFPVAN_ID;0
100616;100616;;GFPVAN_ID;0
100872;Case of 3000 [Thai Nippon Rubber Industry Ltd.][NA];;GFPVAN_ID;0
101128;Each of 1 [Unidus Corporation][NA];;GFPVAN_ID;0
100013;Each of 1 [Pfizer][NA];;GFPVAN_ID;0
100361;Each of 1 [Thai Nippon Rubber Industry Ltd.][NA];;GFPVAN_ID;0
100617;Each of 1 [Suretex Ltd.][NA];;GFPVAN_ID;0
100873;Case of 3000 [Thai Nippon Rubber Industry Ltd.][NA];;GFPVAN_ID;0
101129;Case of 3000 [Karex Berhad][NA];;GFPVAN_ID;0
100014;Each of 1 [Pfizer][UNKNOWN];;GFPVAN_ID;0
100362;Each of 1 [Unidus Corporation][NA];;GFPVAN_ID;0
100618;100618;;GFPVAN_ID;0
100874;Case of 3000 [Thai Nippon Rubber Industry Ltd.][NA];;GFPVAN_ID;0
101130;Case of 3000 [Karex Berhad][NA];;GFPVAN_ID;0
100015;Each of 1 [Pfizer][Multilanguage_Arabic_English_French_Spanish];;GFPVAN_ID;0
100363;Case of 3000 [Karex Berhad][NA];;GFPVAN_ID;0
100619;Each of 1 [Thai Nippon Rubber Industry Ltd.][NA];;GFPVAN_ID;0
100875;Case of 3000 [Unidus Corporation][NA];;GFPVAN_ID;0
101131;Case of 3000 [Karex Berhad][NA];;GFPVAN_ID;0
100016;Each of 1 [Multiple][UNKNOWN];;GFPVAN_ID;0
100364;Case of 3000 [Karex Berhad][NA];;GFPVAN_ID;0
100620;Each of 1 [Thai Nippon Rubber Industry Ltd.][NA];;GFPVAN_ID;0
100876;Each of 1 [Karex Berhad][NA];;GFPVAN_ID;0
101132;Case of 3000 [Karex Berhad][NA];;GFPVAN_ID;0
100017;Each of 1 [Pfizer][Multilanguage_Arabic_English_French_Spanish];;GFPVAN_ID;0
100365;Case of 3000 [Karex Berhad][NA];;GFPVAN_ID;0
100621;Each of 1 [Unidus Corporation][NA];;GFPVAN_ID;0
100877;Each of 1 [Thai Nippon Rubber Industry Ltd.][NA];;GFPVAN_ID;0
101133;Case of 3000 [Karex Berhad][NA];;GFPVAN_ID;0
100018;Pack of 100 [Bayer AG][NA];;GFPVAN_ID;0
100366;Case of 3000 [Karex Berhad][NA];;GFPVAN_ID;0
100622;Case of 3000 [Karex Berhad][NA];;GFPVAN_ID;0
100878;Each of 1 [Unidus Corporation][NA];;GFPVAN_ID;0
101134;Case of 3000 [Thai Nippon Rubber Industry Ltd.][NA];;GFPVAN_ID;0
100019;Each of 1 [Bayer AG][UNKNOWN];;GFPVAN_ID;0
100367;Case of 3000 [Karex Berhad][NA];;GFPVAN_ID;0
100623;Case of 3000 [Karex Berhad][NA];;GFPVAN_ID;0
100879;Case of 3000 [Karex Berhad][NA];;GFPVAN_ID;0
101135;Case of 3000 [Thai Nippon Rubber Industry Ltd.][NA];;GFPVAN_ID;0
100020;Each of 1 [Bayer AG][UNKNOWN];;GFPVAN_ID;0
100368;Case of 3000 [Qingdao Double Butterfly Group Ltd.][NA];;GFPVAN_ID;0
100624;Case of 3000 [Karex Berhad][NA];;GFPVAN_ID;0
100880;Case of 3000 [Karex Berhad][NA];;GFPVAN_ID;0
101136;Case of 3000 [Thai Nippon Rubber Industry Ltd.][NA];;GFPVAN_ID;0
100021;Each of 1 [Corporate Channels India Pvt. Ltd.][UNKNOWN];;GFPVAN_ID;0
100369;Case of 3000 [Suretex Ltd.][NA];;GFPVAN_ID;0
100625;Case of 3000 [Karex Berhad][NA];;GFPVAN_ID;0
100881;Case of 3000 [Karex Berhad][NA];;GFPVAN_ID;0
101137;Case of 3000 [Unidus Corporation][NA];;GFPVAN_ID;0
100022;Each of 1 [HLL Lifecare Limited][UNKNOWN];;GFPVAN_ID;0
100370;Case of 3000 [Suretex Ltd.][NA];;GFPVAN_ID;0
100626;Case of 3000 [Karex Berhad][NA];;GFPVAN_ID;0
100882;Case of 3000 [Karex Berhad][NA];;GFPVAN_ID;0
101138;Each of 1 [Karex Berhad][NA];;GFPVAN_ID;0
100023;Each of 1 [Injeflex Ind. E Com. De Dispositivos E Prods. Medicos Ltda][English];;GFPVAN_ID;0
100371;Case of 3000 [Thai Nippon Rubber Industry Ltd.][NA];;GFPVAN_ID;0
100627;Case of 3000 [Karex Berhad][NA];;GFPVAN_ID;0
100883;Case of 3000 [Karex Berhad][NA];;GFPVAN_ID;0
101139;Each of 1 [Thai Nippon Rubber Industry Ltd.][NA];;GFPVAN_ID;0
100024;Each of 1 [SMB Corporation of India][UNKNOWN];;GFPVAN_ID;0
100372;Case of 3000 [Thai Nippon Rubber Industry Ltd.][NA];;GFPVAN_ID;0
100628;Case of 3000 [Karex Berhad][NA];;GFPVAN_ID;0
100884;Case of 3000 [Thai Nippon Rubber Industry Ltd.][NA];;GFPVAN_ID;0
101140;Each of 1 [Unidus Corporation][NA];;GFPVAN_ID;0
100025;Each of 1 [Pregna International Ltd.][NA];;GFPVAN_ID;0
100373;Case of 3000 [Thai Nippon Rubber Industry Ltd.][NA];;GFPVAN_ID;0
100629;Case of 3000 [Karex Berhad][NA];;GFPVAN_ID;0
100885;Case of 3000 [Thai Nippon Rubber Industry Ltd.][NA];;GFPVAN_ID;0
101141;Case of 3000 [Karex Berhad][NA];;GFPVAN_ID;0
100026;Each of 1 [Injeflex Ind. E Com. De Dispositivos E Prods. Medicos Ltda][Multilanguage_Arabic_English_French_Spanish];;GFPVAN_ID;0
100374;Case of 3000 [Unidus Corporation][NA];;GFPVAN_ID;0
100630;Case of 3000 [Karex Berhad][NA];;GFPVAN_ID;0
100886;Case of 3000 [Thai Nippon Rubber Industry Ltd.][NA];;GFPVAN_ID;0
101142;Case of 3000 [Thai Nippon Rubber Industry Ltd.][NA];;GFPVAN_ID;0
100027;Each of 1 [Injeflex Ind. E Com. De Dispositivos E Prods. Medicos Ltda][English_French];;GFPVAN_ID;0
100375;Each of 1 [Karex Berhad][NA];;GFPVAN_ID;0
100631;Case of 3000 [Qingdao Double Butterfly Group Ltd.][NA];;GFPVAN_ID;0
100887;Case of 3000 [Unidus Corporation][NA];;GFPVAN_ID;0
101143;Case of 3000 [Unidus Corporation][NA];;GFPVAN_ID;0
100028;Each of 1 [SMB Corporation of India][English];;GFPVAN_ID;0
100376;100376;;GFPVAN_ID;0
100632;Case of 3000 [Qingdao Double Butterfly Group Ltd.][NA];;GFPVAN_ID;0
100888;Case of 3000 [Suretex Ltd.][NA];;GFPVAN_ID;0
101144;Each of 1 [Karex Berhad][NA];;GFPVAN_ID;0
100029;Each of 1 [Pregna International Ltd.][UNKNOWN];;GFPVAN_ID;0
100377;100377;;GFPVAN_ID;0
100633;Case of 3000 [Qingdao Double Butterfly Group Ltd.][NA];;GFPVAN_ID;0
100889;Case of 3000 [Thai Nippon Rubber Industry Ltd.][NA];;GFPVAN_ID;0
101145;Each of 1 [Karex Berhad][NA];;GFPVAN_ID;0
100030;Pack of 300 [Pregna International Ltd.][English];;GFPVAN_ID;0
100378;100378;;GFPVAN_ID;0
100634;Case of 3000 [Suretex Ltd.][NA];;GFPVAN_ID;0
100890;Case of 3000 [Suretex Ltd.][NA];;GFPVAN_ID;0
101146;Each of 1 [Qingdao Double Butterfly Group Ltd.][NA];;GFPVAN_ID;0
100031;Pack of 300 [Injeflex Ind. E Com. De Dispositivos E Prods. Medicos Ltda][English];;GFPVAN_ID;0
100379;Each of 1 [Suretex Ltd.][NA];;GFPVAN_ID;0
100635;Case of 3000 [Suretex Ltd.][NA];;GFPVAN_ID;0
100891;Case of 3000 [Thai Nippon Rubber Industry Ltd.][NA];;GFPVAN_ID;0
101147;Each of 1 [Suretex Ltd.][NA];;GFPVAN_ID;0
100032;Pack of 300 [Injeflex Ind. E Com. De Dispositivos E Prods. Medicos Ltda][English_French];;GFPVAN_ID;0
100380;Each of 1 [Thai Nippon Rubber Industry Ltd.][NA];;GFPVAN_ID;0
100636;Case of 3000 [Suretex Ltd.][NA];;GFPVAN_ID;0
100892;Each of 1 [Karex Berhad][NA];;GFPVAN_ID;0
101148;Each of 1 [Thai Nippon Rubber Industry Ltd.][NA];;GFPVAN_ID;0
100033;Pack of 300 [SMB Corporation of India][English];;GFPVAN_ID;0
100381;Each of 1 [Unidus Corporation][NA];;GFPVAN_ID;0
100637;Case of 3000 [Suretex Ltd.][NA];;GFPVAN_ID;0
100893;Each of 1 [Thai Nippon Rubber Industry Ltd.][NA];;GFPVAN_ID;0
101149;Each of 1 [Unidus Corporation][NA];;GFPVAN_ID;0
100034;Pack of 600 [SMB Corporation of India][English];;GFPVAN_ID;0
100382;Case of 3000 [Karex Berhad][NA];;GFPVAN_ID;0
100638;Case of 3000 [Suretex Ltd.][NA];;GFPVAN_ID;0
100894;Each of 1 [Unidus Corporation][NA];;GFPVAN_ID;0
101150;Case of 3000 [Karex Berhad][NA];;GFPVAN_ID;0
100035;Pack of 300 [Injeflex Ind. E Com. De Dispositivos E Prods. Medicos Ltda][NA];;GFPVAN_ID;0
100383;Case of 3000 [Karex Berhad][NA];;GFPVAN_ID;0
100639;Case of 3000 [Thai Nippon Rubber Industry Ltd.][NA];;GFPVAN_ID;0
100895;Case of 3000 [Karex Berhad][NA];;GFPVAN_ID;0
101151;Case of 3000 [Karex Berhad][NA];;GFPVAN_ID;0
100036;Cycle of 1 [MSD][UNKNOWN];;GFPVAN_ID;0
100384;Case of 3000 [Karex Berhad][NA];;GFPVAN_ID;0
100640;Case of 3000 [Thai Nippon Rubber Industry Ltd.][NA];;GFPVAN_ID;0
100896;Case of 3000 [Karex Berhad][NA];;GFPVAN_ID;0
101152;Case of 3000 [Karex Berhad][NA];;GFPVAN_ID;0
100037;Cycle of 1 [Mylan Laboratories Limited][UNKNOWN];;GFPVAN_ID;0
100385;Case of 3000 [Karex Berhad][NA];;GFPVAN_ID;0
100641;Case of 3000 [Thai Nippon Rubber Industry Ltd.][NA];;GFPVAN_ID;0
100897;Case of 3000 [Karex Berhad][NA];;GFPVAN_ID;0
101153;Case of 3000 [Karex Berhad][NA];;GFPVAN_ID;0
100038;Cycle of 1 [Laboratorios Leon Farma][UNKNOWN];;GFPVAN_ID;0
100386;Case of 3000 [Karex Berhad][NA];;GFPVAN_ID;0
100642;Case of 3000 [Thai Nippon Rubber Industry Ltd.][NA];;GFPVAN_ID;0
100898;Case of 3000 [Karex Berhad][NA];;GFPVAN_ID;0
101154;Case of 3000 [Karex Berhad][NA];;GFPVAN_ID;0
100041;Cycle of 1 [MSD][English_Africa];;GFPVAN_ID;0
100387;Case of 3000 [Karex Berhad][NA];;GFPVAN_ID;0
100643;Case of 3000 [Thai Nippon Rubber Industry Ltd.][NA];;GFPVAN_ID;0
100899;Case of 3000 [Karex Berhad][NA];;GFPVAN_ID;0
101155;Case of 3000 [Qingdao Double Butterfly Group Ltd.][NA];;GFPVAN_ID;0
100042;Cycle of 1 [Mylan Laboratories Limited][UNKNOWN];;GFPVAN_ID;0
100388;Case of 3000 [Karex Berhad][NA];;GFPVAN_ID;0
100644;Case of 3000 [Thai Nippon Rubber Industry Ltd.][NA];;GFPVAN_ID;0
100900;Case of 3000 [Thai Nippon Rubber Industry Ltd.][NA];;GFPVAN_ID;0
101156;Case of 3000 [Suretex Ltd.][NA];;GFPVAN_ID;0
100043;Cycle of 1 [Laboratorios Leon Farma][UNKNOWN];;GFPVAN_ID;0
100389;Case of 3000 [Karex Berhad][NA];;GFPVAN_ID;0
100645;Case of 3000 [Thai Nippon Rubber Industry Ltd.][NA];;GFPVAN_ID;0
100901;Case of 3000 [Thai Nippon Rubber Industry Ltd.][NA];;GFPVAN_ID;0
101157;Case of 3000 [Suretex Ltd.][NA];;GFPVAN_ID;0
100044;Cycle of 1 [Lupin][UNKNOWN];;GFPVAN_ID;0
100390;Case of 3000 [Qingdao Double Butterfly Group Ltd.][NA];;GFPVAN_ID;0
100646;Case of 3000 [Unidus Corporation][NA];;GFPVAN_ID;0
100902;Case of 3000 [Thai Nippon Rubber Industry Ltd.][NA];;GFPVAN_ID;0
101158;Case of 3000 [Thai Nippon Rubber Industry Ltd.][NA];;GFPVAN_ID;0
100045;Cycle of 1 [Mylan Laboratories Limited][UNKNOWN];;GFPVAN_ID;0
100391;Case of 3000 [Qingdao Double Butterfly Group Ltd.][NA];;GFPVAN_ID;0
100647;Case of 3000 [Unidus Corporation][NA];;GFPVAN_ID;0
100903;Case of 3000 [Unidus Corporation][NA];;GFPVAN_ID;0
101159;Case of 3000 [Thai Nippon Rubber Industry Ltd.][NA];;GFPVAN_ID;0
100046;Cycle of 1 [Laboratorios Leon Farma][UNKNOWN];;GFPVAN_ID;0
100392;Case of 3000 [Qingdao Double Butterfly Group Ltd.][NA];;GFPVAN_ID;0
100648;Each of 1 [Karex Berhad][NA];;GFPVAN_ID;0
100904;Case of 3000 [Suretex Ltd.][NA];;GFPVAN_ID;0
101160;Case of 3000 [Thai Nippon Rubber Industry Ltd.][NA];;GFPVAN_ID;0
100048;Each of 1 [Bayer AG][Multilanguage_Arabic_English_French_Spanish];;GFPVAN_ID;0
100393;Case of 3000 [Suretex Ltd.][NA];;GFPVAN_ID;0
100649;Each of 1 [Karex Berhad][NA];;GFPVAN_ID;0
100905;Case of 3000 [Suretex Ltd.][NA];;GFPVAN_ID;0
101161;Case of 3000 [Unidus Corporation][NA];;GFPVAN_ID;0
100049;Cycle of 1 [Bayer AG][UNKNOWN];;GFPVAN_ID;0
100394;Case of 3000 [Suretex Ltd.][NA];;GFPVAN_ID;0
100650;Each of 1 [Qingdao Double Butterfly Group Ltd.][NA];;GFPVAN_ID;0
100906;Case of 3000 [Thai Nippon Rubber Industry Ltd.][NA];;GFPVAN_ID;0
101162;Each of 1 [Karex Berhad][NA];;GFPVAN_ID;0
100050;Each of 1 [Bayer AG][Multilanguage_Arabic_English_French_Spanish];;GFPVAN_ID;0
100395;Case of 3000 [Suretex Ltd.][NA];;GFPVAN_ID;0
100651;Each of 1 [Suretex Ltd.][NA];;GFPVAN_ID;0
100907;Each of 1 [Karex Berhad][NA];;GFPVAN_ID;0
101163;Each of 1 [Karex Berhad][NA];;GFPVAN_ID;0
100051;Cycle of 1 [Mylan Laboratories Limited][UNKNOWN];;GFPVAN_ID;0
100396;Case of 3000 [Suretex Ltd.][NA];;GFPVAN_ID;0
100652;Each of 1 [Thai Nippon Rubber Industry Ltd.][NA];;GFPVAN_ID;0
100908;Each of 1 [Karex Berhad][NA];;GFPVAN_ID;0
101164;Each of 1 [Qingdao Double Butterfly Group Ltd.][NA];;GFPVAN_ID;0
100052;Each of 1 [Mylan Laboratories Limited][English];;GFPVAN_ID;0
100397;Case of 3000 [Suretex Ltd.][NA];;GFPVAN_ID;0
100653;Each of 1 [Unidus Corporation][NA];;GFPVAN_ID;0
100909;Each of 1 [Qingdao Double Butterfly Group Ltd.][NA];;GFPVAN_ID;0
101165;Each of 1 [Suretex Ltd.][NA];;GFPVAN_ID;0
100053;Each of 1 [Mylan Laboratories Limited][English];;GFPVAN_ID;0
100398;Case of 3000 [Thai Nippon Rubber Industry Ltd.][NA];;GFPVAN_ID;0
100654;Case of 3000 [Karex Berhad][NA];;GFPVAN_ID;0
100910;Each of 1 [Suretex Ltd.][NA];;GFPVAN_ID;0
101166;Each of 1 [Thai Nippon Rubber Industry Ltd.][NA];;GFPVAN_ID;0
100054;Each of 1 [Bayer AG][Multilanguage_Arabic_English_French_Spanish];;GFPVAN_ID;0
100399;Case of 3000 [Thai Nippon Rubber Industry Ltd.][NA];;GFPVAN_ID;0
100655;Case of 3000 [Karex Berhad][NA];;GFPVAN_ID;0
100911;Each of 1 [Thai Nippon Rubber Industry Ltd.][NA];;GFPVAN_ID;0
101167;Each of 1 [Unidus Corporation][NA];;GFPVAN_ID;0
100055;Each of 1 [Bayer AG][Multilanguage_Arabic_English_French_Spanish];;GFPVAN_ID;0
100400;Case of 3000 [Thai Nippon Rubber Industry Ltd.][NA];;GFPVAN_ID;0
100656;Case of 3000 [Karex Berhad][NA];;GFPVAN_ID;0
100912;Each of 1 [Unidus Corporation][NA];;GFPVAN_ID;0
101168;Case of 3000 [Karex Berhad][NA];;GFPVAN_ID;0
100056;100056;;GFPVAN_ID;0
100401;Case of 3000 [Unidus Corporation][NA];;GFPVAN_ID;0
100657;Case of 3000 [Karex Berhad][NA];;GFPVAN_ID;0
100913;Case of 3000 [Karex Berhad][NA];;GFPVAN_ID;0
101169;Case of 3000 [Karex Berhad][NA];;GFPVAN_ID;0
100057;100057;;GFPVAN_ID;0
100402;Case of 3000 [Unidus Corporation][NA];;GFPVAN_ID;0
100658;Case of 3000 [Karex Berhad][NA];;GFPVAN_ID;0
100914;Case of 3000 [Karex Berhad][NA];;GFPVAN_ID;0
101170;Case of 3000 [Karex Berhad][NA];;GFPVAN_ID;0
100058;Each of 1 [Bayer AG][Multilanguage_Arabic_English_French_Spanish];;GFPVAN_ID;0
100403;Each of 1 [Karex Berhad][NA];;GFPVAN_ID;0
100659;Case of 3000 [Qingdao Double Butterfly Group Ltd.][NA];;GFPVAN_ID;0
100915;Case of 3000 [Karex Berhad][NA];;GFPVAN_ID;0
101171;Case of 3000 [Karex Berhad][NA];;GFPVAN_ID;0
100059;Cycle of 1 [Mylan Laboratories Limited][UNKNOWN];;GFPVAN_ID;0
100404;Each of 1 [Karex Berhad][NA];;GFPVAN_ID;0
100660;Case of 3000 [Suretex Ltd.][NA];;GFPVAN_ID;0
100916;Case of 3000 [Karex Berhad][NA];;GFPVAN_ID;0
101172;Case of 3000 [Karex Berhad][NA];;GFPVAN_ID;0
100061;Cycle of 1 [Laboratorios Leon Farma][UNKNOWN];;GFPVAN_ID;0
100405;Each of 1 [Qingdao Double Butterfly Group Ltd.][NA];;GFPVAN_ID;0
100661;Case of 3000 [Suretex Ltd.][NA];;GFPVAN_ID;0
100917;Case of 3000 [Karex Berhad][NA];;GFPVAN_ID;0
101173;Case of 3000 [Qingdao Double Butterfly Group Ltd.][NA];;GFPVAN_ID;0
100063;Cycle of 1 [Lupin][UNKNOWN];;GFPVAN_ID;0
100406;Each of 1 [Suretex Ltd.][NA];;GFPVAN_ID;0
100662;Case of 3000 [Thai Nippon Rubber Industry Ltd.][NA];;GFPVAN_ID;0
100918;Case of 3000 [Qingdao Double Butterfly Group Ltd.][NA];;GFPVAN_ID;0
101174;Case of 3000 [Suretex Ltd.][NA];;GFPVAN_ID;0
100064;Each of 1 [Cipla Limited][UNKNOWN];;GFPVAN_ID;0
100407;Each of 1 [Thai Nippon Rubber Industry Ltd.][NA];;GFPVAN_ID;0
100663;Case of 3000 [Thai Nippon Rubber Industry Ltd.][NA];;GFPVAN_ID;0
100919;Case of 3000 [Suretex Ltd.][NA];;GFPVAN_ID;0
101175;Case of 3000 [Suretex Ltd.][NA];;GFPVAN_ID;0
100065;Each of 1 [Laboratorios Leon Farma][UNKNOWN];;GFPVAN_ID;0
100408;Each of 1 [Unidus Corporation][NA];;GFPVAN_ID;0
100664;Case of 3000 [Thai Nippon Rubber Industry Ltd.][NA];;GFPVAN_ID;0
100920;Case of 3000 [Suretex Ltd.][NA];;GFPVAN_ID;0
101176;Case of 3000 [Thai Nippon Rubber Industry Ltd.][NA];;GFPVAN_ID;0
100066;Each of 1 [Mylan Laboratories Limited][UNKNOWN];;GFPVAN_ID;0
100409;Case of 3000 [Karex Berhad][NA];;GFPVAN_ID;0
100665;Case of 3000 [Unidus Corporation][NA];;GFPVAN_ID;0
100921;Case of 3000 [Thai Nippon Rubber Industry Ltd.][NA];;GFPVAN_ID;0
101177;Case of 3000 [Thai Nippon Rubber Industry Ltd.][NA];;GFPVAN_ID;0
100067;Pack of 1 [Cipla Limited][English];;GFPVAN_ID;0
100410;Case of 3000 [Karex Berhad][NA];;GFPVAN_ID;0
100666;Each of 1 [Karex Berhad][NA];;GFPVAN_ID;0
100922;Case of 3000 [Thai Nippon Rubber Industry Ltd.][NA];;GFPVAN_ID;0
101178;Case of 3000 [Thai Nippon Rubber Industry Ltd.][NA];;GFPVAN_ID;0
100068;Pack of 1 [Multiple][NA];;GFPVAN_ID;0
100411;Case of 3000 [Karex Berhad][NA];;GFPVAN_ID;0
100667;Each of 1 [Karex Berhad][NA];;GFPVAN_ID;0
100923;Case of 3000 [Thai Nippon Rubber Industry Ltd.][NA];;GFPVAN_ID;0
101179;Case of 3000 [Unidus Corporation][NA];;GFPVAN_ID;0
100069;Pack of 1 [Mylan Laboratories Limited][English];;GFPVAN_ID;0
100412;Case of 3000 [Karex Berhad][NA];;GFPVAN_ID;0
100668;Each of 1 [Qingdao Double Butterfly Group Ltd.][NA];;GFPVAN_ID;0
100924;Case of 3000 [Unidus Corporation][NA];;GFPVAN_ID;0
101180;Case of 3000 [Karex Berhad][NA];;GFPVAN_ID;0
100070;Each of 1 [Cipla Limited][UNKNOWN];;GFPVAN_ID;0
100413;Case of 3000 [Karex Berhad][NA];;GFPVAN_ID;0
100669;Each of 1 [Suretex Ltd.][NA];;GFPVAN_ID;0
100925;Case of 3000 [Suretex Ltd.][NA];;GFPVAN_ID;0
101181;Case of 3000 [Thai Nippon Rubber Industry Ltd.][NA];;GFPVAN_ID;0
100071;Each of 1 [Laboratorios Leon Farma][UNKNOWN];;GFPVAN_ID;0
100414;Case of 3000 [Qingdao Double Butterfly Group Ltd.][NA];;GFPVAN_ID;0
100670;Each of 1 [Thai Nippon Rubber Industry Ltd.][NA];;GFPVAN_ID;0
100926;Case of 3000 [Thai Nippon Rubber Industry Ltd.][NA];;GFPVAN_ID;0
101182;Case of 3000 [Thai Nippon Rubber Industry Ltd.][NA];;GFPVAN_ID;0
100072;Each of 1 [Lupin][UNKNOWN];;GFPVAN_ID;0
100415;Case of 3000 [Suretex Ltd.][NA];;GFPVAN_ID;0
100671;Each of 1 [Unidus Corporation][NA];;GFPVAN_ID;0
100927;Case of 3000 [Suretex Ltd.][NA];;GFPVAN_ID;0
101183;Case of 3000 [Thai Nippon Rubber Industry Ltd.][NA];;GFPVAN_ID;0
100073;Each of 1 [HRA Pharma][UNKNOWN];;GFPVAN_ID;0
100416;Case of 3000 [Suretex Ltd.][NA];;GFPVAN_ID;0
100672;Case of 3000 [Karex Berhad][NA];;GFPVAN_ID;0
100928;Case of 3000 [Thai Nippon Rubber Industry Ltd.][NA];;GFPVAN_ID;0
101184;Case of 3000 [Unidus Corporation][NA];;GFPVAN_ID;0
100074;Each of 1 [Mylan Laboratories Limited][UNKNOWN];;GFPVAN_ID;0
100417;Case of 3000 [Thai Nippon Rubber Industry Ltd.][NA];;GFPVAN_ID;0
100673;Case of 3000 [Karex Berhad][NA];;GFPVAN_ID;0
100929;Each of 1 [Karex Berhad][NA];;GFPVAN_ID;0
101185;Case of 4320 [Karex Berhad][NA];;GFPVAN_ID;0
100075;Pack of 1 [HRA Pharma][NA];;GFPVAN_ID;0
100418;Case of 3000 [Thai Nippon Rubber Industry Ltd.][NA];;GFPVAN_ID;0
100674;Case of 3000 [Karex Berhad][NA];;GFPVAN_ID;0
100930;Each of 1 [Thai Nippon Rubber Industry Ltd.][NA];;GFPVAN_ID;0
101186;Case of 4320 [Thai Nippon Rubber Industry Ltd.][NA];;GFPVAN_ID;0
100076;Pack of 1 [Mylan Laboratories Limited][English];;GFPVAN_ID;0
100419;Case of 3000 [Thai Nippon Rubber Industry Ltd.][NA];;GFPVAN_ID;0
100675;Case of 3000 [Karex Berhad][NA];;GFPVAN_ID;0
100931;Each of 1 [Unidus Corporation][NA];;GFPVAN_ID;0
101187;Case of 4320 [Thai Nippon Rubber Industry Ltd.][NA];;GFPVAN_ID;0
100077;Each of 1 [Bayer AG][Multilanguage_Arabic_English_French_Spanish];;GFPVAN_ID;0
100420;Case of 3000 [Unidus Corporation][NA];;GFPVAN_ID;0
100676;Case of 3000 [Karex Berhad][NA];;GFPVAN_ID;0
100932;Case of 3000 [Karex Berhad][NA];;GFPVAN_ID;0
101188;Case of 4320 [Thai Nippon Rubber Industry Ltd.][NA];;GFPVAN_ID;0
100078;Cycle of 1 [Bayer AG][UNKNOWN];;GFPVAN_ID;0
100421;Case of 3000 [Thai Nippon Rubber Industry Ltd.][NA];;GFPVAN_ID;0
100677;Case of 3000 [Qingdao Double Butterfly Group Ltd.][NA];;GFPVAN_ID;0
100933;Case of 3000 [Karex Berhad][NA];;GFPVAN_ID;0
101189;Case of 4320 [Unidus Corporation][NA];;GFPVAN_ID;0
100079;Cycle of 1 [Mylan Laboratories Limited][UNKNOWN];;GFPVAN_ID;0
100422;Each of 1 [Karex Berhad][NA];;GFPVAN_ID;0
100678;Case of 3000 [Suretex Ltd.][NA];;GFPVAN_ID;0
100934;Case of 3000 [Karex Berhad][NA];;GFPVAN_ID;0
101190;Case of 3000 [Karex Berhad][NA];;GFPVAN_ID;0
100080;Each of 1 [Bayer AG][Multilanguage_Arabic_English_French_Spanish];;GFPVAN_ID;0
100423;Each of 1 [Thai Nippon Rubber Industry Ltd.][NA];;GFPVAN_ID;0
100679;Case of 3000 [Suretex Ltd.][NA];;GFPVAN_ID;0
100935;Case of 3000 [Karex Berhad][NA];;GFPVAN_ID;0
101191;Case of 3000 [Karex Berhad][NA];;GFPVAN_ID;0
100082;Cycle of 1 [MSD][English_Neutral];;GFPVAN_ID;0
100424;Each of 1 [Unidus Corporation][NA];;GFPVAN_ID;0
100680;Case of 3000 [Thai Nippon Rubber Industry Ltd.][NA];;GFPVAN_ID;0
100936;Case of 3000 [Karex Berhad][NA];;GFPVAN_ID;0
101192;Case of 3000 [Karex Berhad][NA];;GFPVAN_ID;0
100085;Cycle of 1 [Mylan Laboratories Limited][UNKNOWN];;GFPVAN_ID;0
100425;Case of 3000 [Karex Berhad][NA];;GFPVAN_ID;0
100681;Case of 3000 [Thai Nippon Rubber Industry Ltd.][NA];;GFPVAN_ID;0
100937;Case of 3000 [Suretex Ltd.][NA];;GFPVAN_ID;0
101193;Case of 3000 [Karex Berhad][NA];;GFPVAN_ID;0
100086;Each of 1 [Missionpharma A/S][English_French_Portuguese];;GFPVAN_ID;0
100426;Case of 3000 [Thai Nippon Rubber Industry Ltd.][NA];;GFPVAN_ID;0
100682;Case of 3000 [Thai Nippon Rubber Industry Ltd.][NA];;GFPVAN_ID;0
100938;Case of 3000 [Thai Nippon Rubber Industry Ltd.][NA];;GFPVAN_ID;0
101194;Case of 3000 [Karex Berhad][NA];;GFPVAN_ID;0
100087;Each of 1 [Missionpharma A/S][English_French_Portuguese];;GFPVAN_ID;0
100427;Case of 3000 [Thai Nippon Rubber Industry Ltd.][NA];;GFPVAN_ID;0
100683;Case of 3000 [Unidus Corporation][NA];;GFPVAN_ID;0
100939;Case of 3000 [Thai Nippon Rubber Industry Ltd.][NA];;GFPVAN_ID;0
101195;Case of 3000 [Qingdao Double Butterfly Group Ltd.][NA];;GFPVAN_ID;0
100088;Each of 1 [Missionpharma A/S][English_French_Portuguese];;GFPVAN_ID;0
100428;Case of 3000 [Thai Nippon Rubber Industry Ltd.][NA];;GFPVAN_ID;0
100684;Each of 1 [Karex Berhad][NA];;GFPVAN_ID;0
100940;Case of 3000 [Thai Nippon Rubber Industry Ltd.][NA];;GFPVAN_ID;0
101196;Case of 3000 [Suretex Ltd.][NA];;GFPVAN_ID;0
100089;Each of 1 [Mylan Laboratories Limited][NA];;GFPVAN_ID;0
100429;Case of 3000 [Unidus Corporation][NA];;GFPVAN_ID;0
100685;Each of 1 [Thai Nippon Rubber Industry Ltd.][NA];;GFPVAN_ID;0
100941;Case of 3000 [Unidus Corporation][NA];;GFPVAN_ID;0
101197;Case of 3000 [Suretex Ltd.][NA];;GFPVAN_ID;0
100090;Each of 1 [DKT International][NA];;GFPVAN_ID;0
100430;Case of 4320 [Karex Berhad][NA];;GFPVAN_ID;0
100686;Each of 1 [Unidus Corporation][NA];;GFPVAN_ID;0
100942;Case of 3000 [Suretex Ltd.][NA];;GFPVAN_ID;0
101198;Case of 3000 [Thai Nippon Rubber Industry Ltd.][NA];;GFPVAN_ID;0
100091;Each of 1 [DKT International][NA];;GFPVAN_ID;0
100431;Case of 4320 [Thai Nippon Rubber Industry Ltd.][NA];;GFPVAN_ID;0
100687;Case of 3000 [Karex Berhad][NA];;GFPVAN_ID;0
100943;Case of 3000 [Thai Nippon Rubber Industry Ltd.][NA];;GFPVAN_ID;0
101199;Case of 3000 [Thai Nippon Rubber Industry Ltd.][NA];;GFPVAN_ID;0
100092;Each of 1 [DKT International][NA];;GFPVAN_ID;0
100432;Case of 4320 [Thai Nippon Rubber Industry Ltd.][NA];;GFPVAN_ID;0
100688;Case of 3000 [Karex Berhad][NA];;GFPVAN_ID;0
100944;Case of 3000 [Suretex Ltd.][NA];;GFPVAN_ID;0
101200;Case of 3000 [Thai Nippon Rubber Industry Ltd.][NA];;GFPVAN_ID;0
100093;Each of 1 [DKT International][NA];;GFPVAN_ID;0
100433;Case of 4320 [Thai Nippon Rubber Industry Ltd.][NA];;GFPVAN_ID;0
100689;Case of 3000 [Karex Berhad][NA];;GFPVAN_ID;0
100945;Case of 3000 [Thai Nippon Rubber Industry Ltd.][NA];;GFPVAN_ID;0
101201;Case of 3000 [Unidus Corporation][NA];;GFPVAN_ID;0
100094;Each of 1 [DKT International][NA];;GFPVAN_ID;0
100434;Case of 4320 [Unidus Corporation][NA];;GFPVAN_ID;0
100690;Case of 3000 [Karex Berhad][NA];;GFPVAN_ID;0
100946;Each of 1 [Karex Berhad][NA];;GFPVAN_ID;0
101202;Case of 4320 [Karex Berhad][NA];;GFPVAN_ID;0
100095;Each of 1 [DKT International][English_French];;GFPVAN_ID;0
100435;Each of 4320 [Karex Berhad][NA];;GFPVAN_ID;0
100691;Case of 3000 [Karex Berhad][NA];;GFPVAN_ID;0
100947;Each of 1 [Karex Berhad][NA];;GFPVAN_ID;0
101203;Case of 4320 [Karex Berhad][NA];;GFPVAN_ID;0
100096;Each of 1 [DKT International][English_Portuguese];;GFPVAN_ID;0
100436;Each of 1 [Karex Berhad][NA];;GFPVAN_ID;0
100692;Case of 3000 [Thai Nippon Rubber Industry Ltd.][NA];;GFPVAN_ID;0
100948;Each of 1 [Qingdao Double Butterfly Group Ltd.][NA];;GFPVAN_ID;0
101204;Case of 4320 [Karex Berhad][NA];;GFPVAN_ID;0
100097;Each of 1 [DKT International][NA];;GFPVAN_ID;0
100437;Each of 1 [Qingdao Double Butterfly Group Ltd.][NA];;GFPVAN_ID;0
100693;Case of 3000 [Thai Nippon Rubber Industry Ltd.][NA];;GFPVAN_ID;0
100949;Each of 1 [Suretex Ltd.][NA];;GFPVAN_ID;0
101205;Case of 4320 [Karex Berhad][NA];;GFPVAN_ID;0
100098;Each of 1 [DKT International][NA];;GFPVAN_ID;0
100438;Each of 1 [Suretex Ltd.][NA];;GFPVAN_ID;0
100694;Case of 3000 [Thai Nippon Rubber Industry Ltd.][NA];;GFPVAN_ID;0
100950;Each of 1 [Thai Nippon Rubber Industry Ltd.][NA];;GFPVAN_ID;0
101206;Case of 4320 [Karex Berhad][NA];;GFPVAN_ID;0
100099;Each of 1 [DKT International][NA];;GFPVAN_ID;0
100439;Each of 1 [Thai Nippon Rubber Industry Ltd.][NA];;GFPVAN_ID;0
100695;Case of 3000 [Unidus Corporation][NA];;GFPVAN_ID;0
100951;Each of 1 [Unidus Corporation][NA];;GFPVAN_ID;0
101207;Case of 4320 [Qingdao Double Butterfly Group Ltd.][NA];;GFPVAN_ID;0
100100;Pack of 100 [Missionpharma A/S][English];;GFPVAN_ID;0
100440;Each of 1 [Unidus Corporation][NA];;GFPVAN_ID;0
100696;Each of 1 [Karex Berhad][NA];;GFPVAN_ID;0
100952;Case of 3000 [Karex Berhad][NA];;GFPVAN_ID;0
101208;Case of 4320 [Suretex Ltd.][NA];;GFPVAN_ID;0
100101;Pack of 5 [Missionpharma A/S][English];;GFPVAN_ID;0
100441;Case of 3000 [Karex Berhad][NA];;GFPVAN_ID;0
100697;Each of 1 [Karex Berhad][NA];;GFPVAN_ID;0
100953;Case of 3000 [Karex Berhad][NA];;GFPVAN_ID;0
101209;Case of 4320 [Suretex Ltd.][NA];;GFPVAN_ID;0
100110;Each of 1 [Veru Inc.][UNKNOWN];;GFPVAN_ID;0
100442;Case of 3000 [Karex Berhad][NA];;GFPVAN_ID;0
100698;Each of 1 [Qingdao Double Butterfly Group Ltd.][NA];;GFPVAN_ID;0
100954;Case of 3000 [Karex Berhad][NA];;GFPVAN_ID;0
101210;Case of 4320 [Thai Nippon Rubber Industry Ltd.][NA];;GFPVAN_ID;0
100111;Each of 1 [Veru Inc.][UNKNOWN];;GFPVAN_ID;0
100443;Case of 3000 [Karex Berhad][NA];;GFPVAN_ID;0
100699;Each of 1 [Suretex Ltd.][NA];;GFPVAN_ID;0
100955;Case of 3000 [Karex Berhad][NA];;GFPVAN_ID;0
101211;Case of 4320 [Thai Nippon Rubber Industry Ltd.][NA];;GFPVAN_ID;0
100112;Each of 1 [Veru Inc.][UNKNOWN];;GFPVAN_ID;0
100444;Case of 3000 [Karex Berhad][NA];;GFPVAN_ID;0
100700;Each of 1 [Thai Nippon Rubber Industry Ltd.][NA];;GFPVAN_ID;0
100956;Case of 3000 [Karex Berhad][NA];;GFPVAN_ID;0
101212;Case of 4320 [Thai Nippon Rubber Industry Ltd.][NA];;GFPVAN_ID;0
100113;Each of 1 [Veru Inc.][UNKNOWN];;GFPVAN_ID;0
100445;Case of 3000 [Karex Berhad][NA];;GFPVAN_ID;0
100701;Each of 1 [Unidus Corporation][NA];;GFPVAN_ID;0
100957;Case of 3000 [Qingdao Double Butterfly Group Ltd.][NA];;GFPVAN_ID;0
101213;Case of 4320 [Unidus Corporation][NA];;GFPVAN_ID;0
100114;Each of 1 [HLL Lifecare Limited][UNKNOWN];;GFPVAN_ID;0
100446;Case of 3000 [Qingdao Double Butterfly Group Ltd.][NA];;GFPVAN_ID;0
100702;Case of 3000 [Karex Berhad][NA];;GFPVAN_ID;0
100958;Case of 3000 [Suretex Ltd.][NA];;GFPVAN_ID;0
101214;Case of 3000 [Karex Berhad][NA];;GFPVAN_ID;0
100115;Each of 1 [HLL Lifecare Limited][UNKNOWN];;GFPVAN_ID;0
100447;Case of 3000 [Suretex Ltd.][NA];;GFPVAN_ID;0
100703;Case of 3000 [Karex Berhad][NA];;GFPVAN_ID;0
100959;Case of 3000 [Suretex Ltd.][NA];;GFPVAN_ID;0
101215;Case of 3000 [Karex Berhad][NA];;GFPVAN_ID;0
100116;Each of 1 [Cupid Limited][UNKNOWN];;GFPVAN_ID;0
100448;Case of 3000 [Suretex Ltd.][NA];;GFPVAN_ID;0
100704;Case of 3000 [Karex Berhad][NA];;GFPVAN_ID;0
100960;Case of 3000 [Thai Nippon Rubber Industry Ltd.][NA];;GFPVAN_ID;0
101216;Case of 3000 [Karex Berhad][NA];;GFPVAN_ID;0
100117;Each of 1 [Cupid Limited][UNKNOWN];;GFPVAN_ID;0
100449;Case of 3000 [Thai Nippon Rubber Industry Ltd.][NA];;GFPVAN_ID;0
100705;Case of 3000 [Karex Berhad][NA];;GFPVAN_ID;0
100961;Case of 3000 [Thai Nippon Rubber Industry Ltd.][NA];;GFPVAN_ID;0
101217;Case of 3000 [Karex Berhad][NA];;GFPVAN_ID;0
100118;Each of 1 [Veru Inc.][Purple16];;GFPVAN_ID;0
100450;Case of 3000 [Thai Nippon Rubber Industry Ltd.][NA];;GFPVAN_ID;0
100706;Case of 3000 [Karex Berhad][NA];;GFPVAN_ID;0
100962;Case of 3000 [Thai Nippon Rubber Industry Ltd.][NA];;GFPVAN_ID;0
101218;Case of 3000 [Karex Berhad][NA];;GFPVAN_ID;0
100119;100119;;GFPVAN_ID;0
100451;Case of 3000 [Thai Nippon Rubber Industry Ltd.][NA];;GFPVAN_ID;0
100707;Case of 3000 [Qingdao Double Butterfly Group Ltd.][NA];;GFPVAN_ID;0
100963;Case of 3000 [Unidus Corporation][NA];;GFPVAN_ID;0
101219;Case of 3000 [Thai Nippon Rubber Industry Ltd.][NA];;GFPVAN_ID;0
100120;Case of 1000 [Veru Inc.][Purple17];;GFPVAN_ID;0
100452;Case of 3000 [Unidus Corporation][NA];;GFPVAN_ID;0
100708;Case of 3000 [Suretex Ltd.][NA];;GFPVAN_ID;0
100964;Each of 1 [Karex Berhad][NA];;GFPVAN_ID;0
101220;Case of 3000 [Thai Nippon Rubber Industry Ltd.][NA];;GFPVAN_ID;0
100121;Case of 1000 [Veru Inc.][Purple16];;GFPVAN_ID;0
100453;Case of 2592 [Karex Berhad][NA];;GFPVAN_ID;0
100709;Case of 3000 [Suretex Ltd.][NA];;GFPVAN_ID;0
100965;Each of 1 [Thai Nippon Rubber Industry Ltd.][NA];;GFPVAN_ID;0
101221;Case of 3000 [Thai Nippon Rubber Industry Ltd.][NA];;GFPVAN_ID;0
100122;Case of 1000 [Veru Inc.][Purple17];;GFPVAN_ID;0
100454;Case of 2592 [Karex Berhad][NA];;GFPVAN_ID;0
100710;Case of 3000 [Thai Nippon Rubber Industry Ltd.][NA];;GFPVAN_ID;0
100966;Each of 1 [Unidus Corporation][NA];;GFPVAN_ID;0
101222;Case of 3000 [Unidus Corporation][NA];;GFPVAN_ID;0
100123;Case of 1000 [Veru Inc.][Purple16];;GFPVAN_ID;0
100455;Each of 1 [Karex Berhad][NA];;GFPVAN_ID;0
100711;Case of 3000 [Thai Nippon Rubber Industry Ltd.][NA];;GFPVAN_ID;0
100967;Case of 3000 [Karex Berhad][NA];;GFPVAN_ID;0
101223;Case of 4320 [Karex Berhad][NA];;GFPVAN_ID;0
100124;Case of 1000 [Veru Inc.][Purple17];;GFPVAN_ID;0
100456;Each of 1 [Thai Nippon Rubber Industry Ltd.][NA];;GFPVAN_ID;0
100712;Case of 3000 [Thai Nippon Rubber Industry Ltd.][NA];;GFPVAN_ID;0
100968;Case of 3000 [Thai Nippon Rubber Industry Ltd.][NA];;GFPVAN_ID;0
101224;Case of 4320 [Karex Berhad][NA];;GFPVAN_ID;0
100125;Pack of 20 [Veru Inc.][NA];;GFPVAN_ID;0
100457;Each of 1 [Unidus Corporation][NA];;GFPVAN_ID;0
100713;Case of 3000 [Unidus Corporation][NA];;GFPVAN_ID;0
100969;Case of 3000 [Thai Nippon Rubber Industry Ltd.][NA];;GFPVAN_ID;0
101225;Case of 4320 [Karex Berhad][NA];;GFPVAN_ID;0
100126;Case of 500 [Barrs Medical (Pty) Ltd.][Purple17];;GFPVAN_ID;0
100458;Case of 3000 [Karex Berhad][NA];;GFPVAN_ID;0
100714;Each of 1 [Karex Berhad][NA];;GFPVAN_ID;0
100970;Case of 3000 [Thai Nippon Rubber Industry Ltd.][NA];;GFPVAN_ID;0
101226;Case of 4320 [Karex Berhad][NA];;GFPVAN_ID;0
100127;Each of 1 [Veru Inc.][Purple17];;GFPVAN_ID;0
100459;Case of 3000 [Karex Berhad][NA];;GFPVAN_ID;0
100715;Each of 1 [Thai Nippon Rubber Industry Ltd.][NA];;GFPVAN_ID;0
100971;Case of 3000 [Unidus Corporation][NA];;GFPVAN_ID;0
101227;Case of 4320 [Karex Berhad][NA];;GFPVAN_ID;0
100128;Each of 1 [Veru Inc.][Purple17];;GFPVAN_ID;0
100460;Case of 3000 [Karex Berhad][NA];;GFPVAN_ID;0
100716;Each of 1 [Unidus Corporation][NA];;GFPVAN_ID;0
100972;Case of 3000 [Suretex Ltd.][NA];;GFPVAN_ID;0
101228;Case of 4320 [Thai Nippon Rubber Industry Ltd.][NA];;GFPVAN_ID;0
100205;Each of 1 [Multiple][UNKNOWN];;GFPVAN_ID;0
100461;Case of 3000 [Karex Berhad][NA];;GFPVAN_ID;0
100717;Case of 3000 [Karex Berhad][NA];;GFPVAN_ID;0
100973;Case of 3000 [Thai Nippon Rubber Industry Ltd.][NA];;GFPVAN_ID;0
101229;Case of 4320 [Thai Nippon Rubber Industry Ltd.][NA];;GFPVAN_ID;0
100206;Each of 1 [Multiple][UNKNOWN];;GFPVAN_ID;0
100462;Case of 3000 [Karex Berhad][NA];;GFPVAN_ID;0
100718;Case of 3000 [Karex Berhad][NA];;GFPVAN_ID;0
100974;Case of 3000 [Suretex Ltd.][NA];;GFPVAN_ID;0
101230;Case of 4320 [Thai Nippon Rubber Industry Ltd.][NA];;GFPVAN_ID;0
100207;Each of 1 [Karex Berhad][UNKNOWN];;GFPVAN_ID;0
100463;Case of 3000 [Qingdao Double Butterfly Group Ltd.][NA];;GFPVAN_ID;0
100719;Case of 3000 [Karex Berhad][NA];;GFPVAN_ID;0
100975;Case of 3000 [Thai Nippon Rubber Industry Ltd.][NA];;GFPVAN_ID;0
101231;Case of 4320 [Unidus Corporation][NA];;GFPVAN_ID;0
100208;Each of 1 [Multiple][UNKNOWN];;GFPVAN_ID;0
100464;Case of 3000 [Suretex Ltd.][NA];;GFPVAN_ID;0
100720;Case of 3000 [Karex Berhad][NA];;GFPVAN_ID;0
100976;Each of 1 [Karex Berhad][NA];;GFPVAN_ID;0
101232;Each of 1 [Karex Berhad][NA];;GFPVAN_ID;0
100209;Each of 1 [Multiple][UNKNOWN];;GFPVAN_ID;0
100465;Case of 3000 [Suretex Ltd.][NA];;GFPVAN_ID;0
100721;Case of 3000 [Karex Berhad][NA];;GFPVAN_ID;0
100977;Each of 1 [Karex Berhad][NA];;GFPVAN_ID;0
101233;Each of 1 [Karex Berhad][NA];;GFPVAN_ID;0
100210;Each of 1 [Multiple][UNKNOWN];;GFPVAN_ID;0
100466;Case of 3000 [Thai Nippon Rubber Industry Ltd.][NA];;GFPVAN_ID;0
100722;Case of 3000 [Thai Nippon Rubber Industry Ltd.][NA];;GFPVAN_ID;0
100978;Each of 1 [Qingdao Double Butterfly Group Ltd.][NA];;GFPVAN_ID;0
101234;Each of 1 [Qingdao Double Butterfly Group Ltd.][NA];;GFPVAN_ID;0
100211;Each of 1 [Multiple][UNKNOWN];;GFPVAN_ID;0
100467;Case of 3000 [Thai Nippon Rubber Industry Ltd.][NA];;GFPVAN_ID;0
100723;Case of 3000 [Thai Nippon Rubber Industry Ltd.][NA];;GFPVAN_ID;0
100979;Each of 1 [Suretex Ltd.][NA];;GFPVAN_ID;0
101235;Each of 1 [Suretex Ltd.][NA];;GFPVAN_ID;0
100212;Each of 1 [Unidus Corporation][UNKNOWN];;GFPVAN_ID;0
100468;Case of 3000 [Thai Nippon Rubber Industry Ltd.][NA];;GFPVAN_ID;0
100724;Case of 3000 [Thai Nippon Rubber Industry Ltd.][NA];;GFPVAN_ID;0
100980;Each of 1 [Thai Nippon Rubber Industry Ltd.][NA];;GFPVAN_ID;0
101236;Each of 1 [Thai Nippon Rubber Industry Ltd.][NA];;GFPVAN_ID;0
100213;Each of 1 [Suretex Ltd.][UNKNOWN];;GFPVAN_ID;0
100469;Case of 3000 [Unidus Corporation][NA];;GFPVAN_ID;0
100725;Case of 3000 [Unidus Corporation][NA];;GFPVAN_ID;0
100981;Each of 1 [Unidus Corporation][NA];;GFPVAN_ID;0
101237;Each of 1 [Unidus Corporation][NA];;GFPVAN_ID;0
100214;Each of 1 [Suretex Ltd.][UNKNOWN];;GFPVAN_ID;0
100470;Each of 1 [Karex Berhad][NA];;GFPVAN_ID;0
100726;Each of 1 [Karex Berhad][NA];;GFPVAN_ID;0
100982;Case of 3000 [Karex Berhad][NA];;GFPVAN_ID;0
101238;Case of 3000 [Karex Berhad][NA];;GFPVAN_ID;0
100215;Each of 1 [Multiple][UNKNOWN];;GFPVAN_ID;0
100471;Each of 1 [Thai Nippon Rubber Industry Ltd.][NA];;GFPVAN_ID;0
100727;Each of 1 [Thai Nippon Rubber Industry Ltd.][NA];;GFPVAN_ID;0
100983;Case of 3000 [Karex Berhad][NA];;GFPVAN_ID;0
101239;Case of 3000 [Karex Berhad][NA];;GFPVAN_ID;0
100216;Each of 1 [Multiple][UNKNOWN];;GFPVAN_ID;0
100472;Each of 1 [Unidus Corporation][NA];;GFPVAN_ID;0
100728;Each of 1 [Unidus Corporation][NA];;GFPVAN_ID;0
100984;Case of 3000 [Karex Berhad][NA];;GFPVAN_ID;0
101240;Case of 3000 [Karex Berhad][NA];;GFPVAN_ID;0
100217;Each of 1 [Karex Berhad][UNKNOWN];;GFPVAN_ID;0
100473;Case of 3000 [Karex Berhad][NA];;GFPVAN_ID;0
100729;Case of 3000 [Karex Berhad][NA];;GFPVAN_ID;0
100985;Case of 3000 [Karex Berhad][NA];;GFPVAN_ID;0
101241;Case of 3000 [Karex Berhad][NA];;GFPVAN_ID;0
100218;Each of 1 [Multiple][UNKNOWN];;GFPVAN_ID;0
100474;Case of 3000 [Karex Berhad][NA];;GFPVAN_ID;0
100730;Case of 3000 [Karex Berhad][NA];;GFPVAN_ID;0
100986;Case of 3000 [Karex Berhad][NA];;GFPVAN_ID;0
101242;Case of 3000 [Karex Berhad][NA];;GFPVAN_ID;0
100219;Each of 1 [Multiple][UNKNOWN];;GFPVAN_ID;0
100475;Case of 3000 [Karex Berhad][NA];;GFPVAN_ID;0
100731;Case of 3000 [Karex Berhad][NA];;GFPVAN_ID;0
100987;Case of 3000 [Qingdao Double Butterfly Group Ltd.][NA];;GFPVAN_ID;0
101243;Case of 3000 [Qingdao Double Butterfly Group Ltd.][NA];;GFPVAN_ID;0
100220;Each of 1 [Suretex Ltd.][UNKNOWN];;GFPVAN_ID;0
100476;Case of 3000 [Karex Berhad][NA];;GFPVAN_ID;0
100732;Case of 3000 [Karex Berhad][NA];;GFPVAN_ID;0
100988;Case of 3000 [Suretex Ltd.][NA];;GFPVAN_ID;0
101244;Case of 3000 [Suretex Ltd.][NA];;GFPVAN_ID;0
100221;Each of 1 [Multiple][UNKNOWN];;GFPVAN_ID;0
100477;Case of 3000 [Karex Berhad][NA];;GFPVAN_ID;0
100733;Case of 3000 [Karex Berhad][NA];;GFPVAN_ID;0
100989;Case of 3000 [Suretex Ltd.][NA];;GFPVAN_ID;0
101245;Case of 3000 [Suretex Ltd.][NA];;GFPVAN_ID;0
100222;Each of 1 [Multiple][UNKNOWN];;GFPVAN_ID;0
100478;Case of 3000 [Qingdao Double Butterfly Group Ltd.][NA];;GFPVAN_ID;0
100734;Case of 3000 [Thai Nippon Rubber Industry Ltd.][NA];;GFPVAN_ID;0
100990;Case of 3000 [Thai Nippon Rubber Industry Ltd.][NA];;GFPVAN_ID;0
101246;Case of 3000 [Thai Nippon Rubber Industry Ltd.][NA];;GFPVAN_ID;0
100223;Each of 1 [Multiple][UNKNOWN];;GFPVAN_ID;0
100479;Case of 3000 [Suretex Ltd.][NA];;GFPVAN_ID;0
100735;Case of 3000 [Thai Nippon Rubber Industry Ltd.][NA];;GFPVAN_ID;0
100991;Case of 3000 [Thai Nippon Rubber Industry Ltd.][NA];;GFPVAN_ID;0
101247;Case of 3000 [Thai Nippon Rubber Industry Ltd.][NA];;GFPVAN_ID;0
100224;Each of 1 [Multiple][UNKNOWN];;GFPVAN_ID;0
100480;Case of 3000 [Suretex Ltd.][NA];;GFPVAN_ID;0
100736;Case of 3000 [Thai Nippon Rubber Industry Ltd.][NA];;GFPVAN_ID;0
100992;Case of 3000 [Thai Nippon Rubber Industry Ltd.][NA];;GFPVAN_ID;0
101248;Case of 3000 [Thai Nippon Rubber Industry Ltd.][NA];;GFPVAN_ID;0
pack_each;Pack of 1 (each);;PACK_SIZE;0
pack_10;Pack of 10;;PACK_SIZE;1
pack_20;Pack of 20;;PACK_SIZE;2
pack_40;Pack of 40;;PACK_SIZE;3
FALSE;False;;GS1_HAZARDOUSWASTEINFORMATIONISACUTELYHAZARDOUSWASTE;0
TRUE;True;;GS1_HAZARDOUSWASTEINFORMATIONISACUTELYHAZARDOUSWASTE;1
NOT_APPLICABLE;Not Applicable;;GS1_HAZARDOUSWASTEINFORMATIONISACUTELYHAZARDOUSWASTE;2
UNSPECIFIED;Unspecified;;GS1_HAZARDOUSWASTEINFORMATIONISACUTELYHAZARDOUSWASTE;3
tradeItemUnitDescriptorCode;Packaging Level;;GS1_PACKAGING_HIERARCHY;0
tradeItemDescription;Product Description;;GS1_PACKAGING_HIERARCHY;1
GTIN;GTIN;;GS1_PACKAGING_HIERARCHY;2
quantityOfNextLowerLevelTradeItem;Quantity of Children;;GS1_PACKAGING_HIERARCHY;3
childTradeItem_gtin;GTIN (Child);;GS1_PACKAGING_HIERARCHY;4
